recipe_id,ingredient_id,quantity,unit,category
MP0001,ground_beef,600,g,protein
MP0001,whole_wheat_pasta,340,g,carb
MP0001,spinach,420,g,vegetable
MP0001,mushroom,300,g,vegetable
MP0001,pesto,96,g,sauce
MP0001,garlic,16,g,seasoning
MP0001,basil,16,g,herb
MP0001,olive_oil,24,ml,fat
MP0002,seitan,750,g,protein
MP0002,udon_noodles,425,g,carb
MP0002,spinach,525,g,vegetable
MP0002,broccoli,375,g,vegetable
MP0002,doenjang,60,g,sauce
MP0002,garlic,20,g,seasoning
MP0002,green_onion,20,g,herb
MP0002,sesame_oil,30,ml,fat
MP0003,shrimp,600,g,protein
MP0003,quinoa,300,g,carb
MP0003,mushroom,420,g,vegetable
MP0003,eggplant,300,g,vegetable
MP0003,tomato_sauce,280,ml,sauce
MP0003,smoked_paprika,8,g,seasoning
MP0003,basil,16,g,herb
MP0003,olive_oil,24,ml,fat
MP0004,pork_tenderloin,900,g,protein
MP0004,corn_tortilla,6,piece,carb
MP0004,mushroom,630,g,vegetable
MP0004,broccoli,450,g,vegetable
MP0004,balsamic_vinegar,84,ml,pantry
MP0004,garlic,24,g,seasoning
MP0004,italian_seasoning,12,g,seasoning
MP0004,olive_oil,36,ml,fat
MP0005,beef_sirloin,600,g,protein
MP0005,potato,840,g,carb
MP0005,zucchini,420,g,vegetable
MP0005,cherry_tomato,300,g,vegetable
MP0005,tomato_sauce,280,ml,sauce
MP0005,garlic,16,g,seasoning
MP0005,italian_seasoning,8,g,seasoning
MP0005,olive_oil,24,ml,fat
MP0006,chicken_breast,600,g,protein
MP0006,potato,840,g,carb
MP0006,broccoli,420,g,vegetable
MP0006,bell_pepper,300,g,vegetable
MP0006,bbq_sauce,56,ml,sauce
MP0006,smoked_paprika,8,g,seasoning
MP0006,garlic,16,g,seasoning
MP0006,olive_oil,24,ml,fat
MP0007,salmon,750,g,protein
MP0007,brown_rice,375,g,carb
MP0007,tomato,525,g,vegetable
MP0007,spinach,375,g,vegetable
MP0007,tahini,120,g,sauce
MP0007,lemon,60,g,fruit
MP0007,garlic,20,g,seasoning
MP0007,parsley,20,g,herb
MP0007,olive_oil,30,ml,fat
MP0008,chicken_thigh,600,g,protein
MP0008,pita,4,piece,carb
MP0008,zucchini,420,g,vegetable
MP0008,bell_pepper,300,g,vegetable
MP0008,balsamic_vinegar,56,ml,pantry
MP0008,garlic,16,g,seasoning
MP0008,basil,16,g,herb
MP0008,olive_oil,24,ml,fat
MP0009,scallops,900,g,protein
MP0009,potato,1260,g,carb
MP0009,broccoli,630,g,vegetable
MP0009,zucchini,450,g,vegetable
MP0009,lemon,72,g,fruit
MP0009,garlic,24,g,seasoning
MP0009,basil,24,g,herb
MP0009,olive_oil,36,ml,fat
MP0010,firm_tofu,700,g,protein
MP0010,bulgur,300,g,carb
MP0010,bell_pepper,420,g,vegetable
MP0010,cucumber,300,g,vegetable
MP0010,greek_yogurt,96,g,dairy
MP0010,lemon,48,g,fruit
MP0010,mint,16,g,herb
MP0010,garlic,16,g,seasoning
MP0010,olive_oil,24,ml,fat
MP0011,cod,600,g,protein
MP0011,udon_noodles,340,g,carb
MP0011,mushroom,420,g,vegetable
MP0011,bell_pepper,300,g,vegetable
MP0011,soy_sauce,56,ml,sauce
MP0011,rice_vinegar,56,ml,pantry
MP0011,chili_powder,8,g,seasoning
MP0011,garlic,16,g,seasoning
MP0011,sesame_oil,24,ml,fat
MP0012,egg,10,piece,protein
MP0012,brown_rice,375,g,carb
MP0012,cucumber,525,g,vegetable
MP0012,eggplant,375,g,vegetable
MP0012,lemon,60,g,fruit
MP0012,zaatar,10,g,seasoning
MP0012,garlic,20,g,seasoning
MP0012,olive_oil,30,ml,fat
MP0013,ground_turkey,600,g,protein
MP0013,quinoa,300,g,carb
MP0013,green_beans,420,g,vegetable
MP0013,spinach,300,g,vegetable
MP0013,dijon_mustard,48,g,sauce
MP0013,garlic,16,g,seasoning
MP0013,parsley,16,g,herb
MP0013,olive_oil,24,ml,fat
MP0014,extra_firm_tofu,1050,g,protein
MP0014,potato,1260,g,carb
MP0014,cherry_tomato,630,g,vegetable
MP0014,broccoli,450,g,vegetable
MP0014,balsamic_vinegar,84,ml,pantry
MP0014,garlic,24,g,seasoning
MP0014,italian_seasoning,12,g,seasoning
MP0014,olive_oil,36,ml,fat
MP0015,chicken_breast,600,g,protein
MP0015,white_rice,300,g,carb
MP0015,tomato,420,g,vegetable
MP0015,spinach,300,g,vegetable
MP0015,lime,48,g,fruit
MP0015,cilantro,16,g,herb
MP0015,garlic,16,g,seasoning
MP0015,avocado_oil,24,ml,fat
MP0016,tempeh,700,g,protein
MP0016,soba_noodles,340,g,carb
MP0016,cabbage,420,g,vegetable
MP0016,broccoli,300,g,vegetable
MP0016,miso,48,g,sauce
MP0016,garlic,16,g,seasoning
MP0016,green_onion,16,g,herb
MP0016,sesame_oil,24,ml,fat
MP0017,firm_tofu,875,g,protein
MP0017,brown_rice,375,g,carb
MP0017,bell_pepper,525,g,vegetable
MP0017,spinach,375,g,vegetable
MP0017,greek_yogurt,120,g,dairy
MP0017,curry_powder,10,g,seasoning
MP0017,garlic,20,g,seasoning
MP0017,olive_oil,30,ml,fat
MP0018,extra_firm_tofu,700,g,protein
MP0018,quinoa,300,g,carb
MP0018,tomato,420,g,vegetable
MP0018,spinach,300,g,vegetable
MP0018,tahini,96,g,sauce
MP0018,lemon,48,g,fruit
MP0018,garlic,16,g,seasoning
MP0018,parsley,16,g,herb
MP0018,olive_oil,24,ml,fat
MP0019,chicken_thigh,900,g,protein
MP0019,pita,6,piece,carb
MP0019,corn,630,g,vegetable
MP0019,zucchini,450,g,vegetable
MP0019,lime,72,g,fruit
MP0019,chili_powder,12,g,seasoning
MP0019,cumin,12,g,seasoning
MP0019,avocado_oil,36,ml,fat
MP0020,canned_tuna,600,g,protein
MP0020,white_rice,300,g,carb
MP0020,peas,420,g,vegetable
MP0020,onion,300,g,vegetable
MP0020,tomato_sauce,280,ml,sauce
MP0020,garam_masala,8,g,seasoning
MP0020,ginger,16,g,seasoning
MP0020,olive_oil,24,ml,fat
MP0021,shrimp,600,g,protein
MP0021,rice_noodles,340,g,carb
MP0021,cabbage,420,g,vegetable
MP0021,mushroom,300,g,vegetable
MP0021,lime,48,g,fruit
MP0021,fish_sauce,56,ml,sauce
MP0021,ginger,16,g,seasoning
MP0021,garlic,16,g,seasoning
MP0021,sesame_oil,24,ml,fat
MP0022,turkey_breast,750,g,protein
MP0022,bulgur,375,g,carb
MP0022,bell_pepper,525,g,vegetable
MP0022,cherry_tomato,375,g,vegetable
MP0022,greek_yogurt,120,g,dairy
MP0022,lemon,60,g,fruit
MP0022,dill,20,g,herb
MP0022,garlic,20,g,seasoning
MP0022,olive_oil,30,ml,fat
MP0023,ground_pork,600,g,protein
MP0023,whole_wheat_pasta,340,g,carb
MP0023,broccoli,420,g,vegetable
MP0023,bell_pepper,300,g,vegetable
MP0023,bbq_sauce,56,ml,sauce
MP0023,smoked_paprika,8,g,seasoning
MP0023,garlic,16,g,seasoning
MP0023,olive_oil,24,ml,fat
MP0024,ground_beef,900,g,protein
MP0024,white_rice,450,g,carb
MP0024,cabbage,630,g,vegetable
MP0024,spinach,450,g,vegetable
MP0024,gochujang,72,g,sauce
MP0024,soy_sauce,84,ml,sauce
MP0024,garlic,24,g,seasoning
MP0024,ginger,24,g,seasoning
MP0024,sesame_oil,36,ml,fat
MP0025,egg,8,piece,protein
MP0025,brown_rice,300,g,carb
MP0025,carrot,420,g,vegetable
MP0025,mushroom,300,g,vegetable
MP0025,soy_sauce,56,ml,sauce
MP0025,brown_sugar,48,g,pantry
MP0025,garlic,16,g,seasoning
MP0025,ginger,16,g,seasoning
MP0025,sesame_oil,24,ml,fat
MP0026,salmon,600,g,protein
MP0026,brown_rice,300,g,carb
MP0026,spinach,420,g,vegetable
MP0026,mushroom,300,g,vegetable
MP0026,bbq_sauce,56,ml,sauce
MP0026,curry_powder,8,g,seasoning
MP0026,garlic,16,g,seasoning
MP0026,olive_oil,24,ml,fat
MP0027,beef_sirloin,750,g,protein
MP0027,whole_wheat_pasta,425,g,carb
MP0027,spinach,525,g,vegetable
MP0027,carrot,375,g,vegetable
MP0027,dijon_mustard,60,g,sauce
MP0027,honey,70,ml,pantry
MP0027,garlic,20,g,seasoning
MP0027,olive_oil,30,ml,fat
MP0028,egg,8,piece,protein
MP0028,corn_tortilla,4,piece,carb
MP0028,mushroom,420,g,vegetable
MP0028,broccoli,300,g,vegetable
MP0028,balsamic_vinegar,56,ml,pantry
MP0028,garlic,16,g,seasoning
MP0028,italian_seasoning,8,g,seasoning
MP0028,olive_oil,24,ml,fat
MP0029,cod,900,g,protein
MP0029,rice_noodles,510,g,carb
MP0029,mushroom,630,g,vegetable
MP0029,carrot,450,g,vegetable
MP0029,honey,84,ml,pantry
MP0029,fish_sauce,84,ml,sauce
MP0029,chili_powder,12,g,seasoning
MP0029,basil,24,g,herb
MP0029,sesame_oil,36,ml,fat
MP0030,ground_turkey,600,g,protein
MP0030,white_rice,300,g,carb
MP0030,bell_pepper,420,g,vegetable
MP0030,bok_choy,300,g,vegetable
MP0030,fish_sauce,56,ml,sauce
MP0030,lime,48,g,fruit
MP0030,garlic,16,g,seasoning
MP0030,basil,16,g,herb
MP0030,sesame_oil,24,ml,fat
MP0031,black_beans,720,g,protein
MP0031,corn_tortilla,4,piece,carb
MP0031,onion,420,g,vegetable
MP0031,tomato,300,g,vegetable
MP0031,salsa,280,g,sauce
MP0031,lime,48,g,fruit
MP0031,garlic,16,g,seasoning
MP0031,cilantro,16,g,herb
MP0031,avocado_oil,24,ml,fat
MP0032,chickpeas,900,g,protein
MP0032,rice_noodles,425,g,carb
MP0032,bok_choy,525,g,vegetable
MP0032,green_beans,375,g,vegetable
MP0032,green_curry_paste,60,g,sauce
MP0032,coconut_milk,175,ml,sauce
MP0032,ginger,20,g,seasoning
MP0032,basil,20,g,herb
MP0032,sesame_oil,30,ml,fat
MP0033,chicken_breast,600,g,protein
MP0033,whole_wheat_pasta,340,g,carb
MP0033,mushroom,420,g,vegetable
MP0033,eggplant,300,g,vegetable
MP0033,tomato_sauce,280,ml,sauce
MP0033,smoked_paprika,8,g,seasoning
MP0033,basil,16,g,herb
MP0033,olive_oil,24,ml,fat
MP0034,scallops,900,g,protein
MP0034,soba_noodles,510,g,carb
MP0034,cabbage,630,g,vegetable
MP0034,broccoli,450,g,vegetable
MP0034,soy_sauce,84,ml,sauce
MP0034,ginger,24,g,seasoning
MP0034,garlic,24,g,seasoning
MP0034,sesame_oil,36,ml,fat
MP0035,brown_lentils,720,g,protein
MP0035,whole_wheat_pasta,340,g,carb
MP0035,eggplant,420,g,vegetable
MP0035,spinach,300,g,vegetable
MP0035,greek_yogurt,96,g,dairy
MP0035,garlic,16,g,seasoning
MP0035,italian_seasoning,8,g,seasoning
MP0035,olive_oil,24,ml,fat
MP0036,tempeh,700,g,protein
MP0036,potato,840,g,carb
MP0036,broccoli,420,g,vegetable
MP0036,bell_pepper,300,g,vegetable
MP0036,bbq_sauce,56,ml,sauce
MP0036,smoked_paprika,8,g,seasoning
MP0036,garlic,16,g,seasoning
MP0036,olive_oil,24,ml,fat
MP0037,kidney_beans,900,g,protein
MP0037,brown_rice,375,g,carb
MP0037,carrot,525,g,vegetable
MP0037,mushroom,375,g,vegetable
MP0037,miso,60,g,sauce
MP0037,rice_vinegar,70,ml,pantry
MP0037,ginger,20,g,seasoning
MP0037,garlic,20,g,seasoning
MP0037,sesame_oil,30,ml,fat
MP0038,firm_tofu,700,g,protein
MP0038,pita,4,piece,carb
MP0038,zucchini,420,g,vegetable
MP0038,bell_pepper,300,g,vegetable
MP0038,balsamic_vinegar,56,ml,pantry
MP0038,garlic,16,g,seasoning
MP0038,basil,16,g,herb
MP0038,olive_oil,24,ml,fat
MP0039,chicken_thigh,900,g,protein
MP0039,sweet_potato,1260,g,carb
MP0039,mushroom,630,g,vegetable
MP0039,zucchini,450,g,vegetable
MP0039,soy_sauce,84,ml,sauce
MP0039,garlic,24,g,seasoning
MP0039,green_onion,24,g,herb
MP0039,sesame_oil,36,ml,fat
MP0040,turkey_breast,600,g,protein
MP0040,potato,840,g,carb
MP0040,carrot,420,g,vegetable
MP0040,green_beans,300,g,vegetable
MP0040,tomato_sauce,280,ml,sauce
MP0040,garlic,16,g,seasoning
MP0040,smoked_paprika,8,g,seasoning
MP0040,olive_oil,24,ml,fat
MP0041,ground_beef,600,g,protein
MP0041,brown_rice,300,g,carb
MP0041,mushroom,420,g,vegetable
MP0041,bell_pepper,300,g,vegetable
MP0041,soy_sauce,56,ml,sauce
MP0041,rice_vinegar,56,ml,pantry
MP0041,chili_powder,8,g,seasoning
MP0041,garlic,16,g,seasoning
MP0041,sesame_oil,24,ml,fat
MP0042,white_beans,900,g,protein
MP0042,sweet_potato,1050,g,carb
MP0042,broccoli,525,g,vegetable
MP0042,bell_pepper,375,g,vegetable
MP0042,bbq_sauce,70,ml,sauce
MP0042,smoked_paprika,10,g,seasoning
MP0042,garlic,20,g,seasoning
MP0042,olive_oil,30,ml,fat
MP0043,extra_firm_tofu,700,g,protein
MP0043,brown_rice,300,g,carb
MP0043,bell_pepper,420,g,vegetable
MP0043,cabbage,300,g,vegetable
MP0043,gochujang,48,g,sauce
MP0043,lime,48,g,fruit
MP0043,garlic,16,g,seasoning
MP0043,olive_oil,24,ml,fat
MP0044,canned_tuna,900,g,protein
MP0044,white_rice,450,g,carb
MP0044,spinach,630,g,vegetable
MP0044,broccoli,450,g,vegetable
MP0044,doenjang,72,g,sauce
MP0044,garlic,24,g,seasoning
MP0044,green_onion,24,g,herb
MP0044,sesame_oil,36,ml,fat
MP0045,salmon,600,g,protein
MP0045,brown_rice,300,g,carb
MP0045,mushroom,420,g,vegetable
MP0045,green_beans,300,g,vegetable
MP0045,soy_sauce,56,ml,sauce
MP0045,honey,56,ml,pantry
MP0045,ginger,16,g,seasoning
MP0045,sesame_oil,24,ml,fat
MP0046,tempeh,700,g,protein
MP0046,udon_noodles,340,g,carb
MP0046,green_beans,420,g,vegetable
MP0046,carrot,300,g,vegetable
MP0046,rice_vinegar,56,ml,pantry
MP0046,tamari,56,ml,sauce
MP0046,ginger,16,g,seasoning
MP0046,sesame_oil,24,ml,fat
MP0047,beef_sirloin,750,g,protein
MP0047,whole_wheat_pasta,425,g,carb
MP0047,spinach,525,g,vegetable
MP0047,mushroom,375,g,vegetable
MP0047,pesto,120,g,sauce
MP0047,garlic,20,g,seasoning
MP0047,basil,20,g,herb
MP0047,olive_oil,30,ml,fat
MP0048,egg,8,piece,protein
MP0048,whole_wheat_pasta,340,g,carb
MP0048,green_beans,420,g,vegetable
MP0048,spinach,300,g,vegetable
MP0048,dijon_mustard,48,g,sauce
MP0048,garlic,16,g,seasoning
MP0048,parsley,16,g,herb
MP0048,olive_oil,24,ml,fat
MP0049,chicken_breast,900,g,protein
MP0049,rice_noodles,510,g,carb
MP0049,spinach,630,g,vegetable
MP0049,broccoli,450,g,vegetable
MP0049,doenjang,72,g,sauce
MP0049,garlic,24,g,seasoning
MP0049,green_onion,24,g,herb
MP0049,sesame_oil,36,ml,fat
MP0050,pork_tenderloin,600,g,protein
MP0050,quinoa,300,g,carb
MP0050,peas,420,g,vegetable
MP0050,onion,300,g,vegetable
MP0050,tomato_sauce,280,ml,sauce
MP0050,garam_masala,8,g,seasoning
MP0050,ginger,16,g,seasoning
MP0050,olive_oil,24,ml,fat
MP0051,ground_pork,600,g,protein
MP0051,couscous,300,g,carb
MP0051,spinach,420,g,vegetable
MP0051,eggplant,300,g,vegetable
MP0051,tomato_sauce,280,ml,sauce
MP0051,garlic,16,g,seasoning
MP0051,parsley,16,g,herb
MP0051,olive_oil,24,ml,fat
MP0052,egg,10,piece,protein
MP0052,white_rice,375,g,carb
MP0052,cabbage,525,g,vegetable
MP0052,broccoli,375,g,vegetable
MP0052,miso,60,g,sauce
MP0052,garlic,20,g,seasoning
MP0052,green_onion,20,g,herb
MP0052,sesame_oil,30,ml,fat
MP0053,chicken_thigh,600,g,protein
MP0053,pita,4,piece,carb
MP0053,cherry_tomato,420,g,vegetable
MP0053,zucchini,300,g,vegetable
MP0053,lemon,48,g,fruit
MP0053,garlic,16,g,seasoning
MP0053,parsley,16,g,herb
MP0053,olive_oil,24,ml,fat
MP0054,chicken_breast,900,g,protein
MP0054,white_rice,450,g,carb
MP0054,corn,630,g,vegetable
MP0054,zucchini,450,g,vegetable
MP0054,lime,72,g,fruit
MP0054,chili_powder,12,g,seasoning
MP0054,cumin,12,g,seasoning
MP0054,avocado_oil,36,ml,fat
MP0055,cod,600,g,protein
MP0055,brown_rice,300,g,carb
MP0055,green_beans,420,g,vegetable
MP0055,spinach,300,g,vegetable
MP0055,dijon_mustard,48,g,sauce
MP0055,garlic,16,g,seasoning
MP0055,parsley,16,g,herb
MP0055,olive_oil,24,ml,fat
MP0056,pork_tenderloin,600,g,protein
MP0056,pita,4,piece,carb
MP0056,corn,420,g,vegetable
MP0056,zucchini,300,g,vegetable
MP0056,lime,48,g,fruit
MP0056,chili_powder,8,g,seasoning
MP0056,cumin,8,g,seasoning
MP0056,avocado_oil,24,ml,fat
MP0057,ground_beef,750,g,protein
MP0057,pasta,425,g,carb
MP0057,zucchini,525,g,vegetable
MP0057,cherry_tomato,375,g,vegetable
MP0057,tomato_sauce,350,ml,sauce
MP0057,garlic,20,g,seasoning
MP0057,italian_seasoning,10,g,seasoning
MP0057,olive_oil,30,ml,fat
MP0058,beef_sirloin,600,g,protein
MP0058,potato,840,g,carb
MP0058,cherry_tomato,420,g,vegetable
MP0058,broccoli,300,g,vegetable
MP0058,balsamic_vinegar,56,ml,pantry
MP0058,garlic,16,g,seasoning
MP0058,italian_seasoning,8,g,seasoning
MP0058,olive_oil,24,ml,fat
MP0059,black_beans,1080,g,protein
MP0059,potato,1260,g,carb
MP0059,bell_pepper,630,g,vegetable
MP0059,spinach,450,g,vegetable
MP0059,greek_yogurt,144,g,dairy
MP0059,curry_powder,12,g,seasoning
MP0059,garlic,24,g,seasoning
MP0059,olive_oil,36,ml,fat
MP0060,ground_beef,600,g,protein
MP0060,quinoa,300,g,carb
MP0060,cherry_tomato,420,g,vegetable
MP0060,zucchini,300,g,vegetable
MP0060,lemon,48,g,fruit
MP0060,garlic,16,g,seasoning
MP0060,parsley,16,g,herb
MP0060,olive_oil,24,ml,fat
MP0061,chicken_thigh,600,g,protein
MP0061,brown_rice,300,g,carb
MP0061,spinach,420,g,vegetable
MP0061,eggplant,300,g,vegetable
MP0061,tomato_sauce,280,ml,sauce
MP0061,garlic,16,g,seasoning
MP0061,parsley,16,g,herb
MP0061,olive_oil,24,ml,fat
MP0062,chicken_breast,750,g,protein
MP0062,brown_rice,375,g,carb
MP0062,spinach,525,g,vegetable
MP0062,onion,375,g,vegetable
MP0062,salsa,350,g,sauce
MP0062,smoked_paprika,10,g,seasoning
MP0062,garlic,20,g,seasoning
MP0062,avocado_oil,30,ml,fat
MP0063,ground_turkey,600,g,protein
MP0063,pita,4,piece,carb
MP0063,bell_pepper,420,g,vegetable
MP0063,cherry_tomato,300,g,vegetable
MP0063,greek_yogurt,96,g,dairy
MP0063,lemon,48,g,fruit
MP0063,dill,16,g,herb
MP0063,garlic,16,g,seasoning
MP0063,olive_oil,24,ml,fat
MP0064,ground_pork,900,g,protein
MP0064,white_rice,450,g,carb
MP0064,broccoli,630,g,vegetable
MP0064,cabbage,450,g,vegetable
MP0064,gochujang,72,g,sauce
MP0064,rice_vinegar,84,ml,pantry
MP0064,garlic,24,g,seasoning
MP0064,chili_powder,12,g,seasoning
MP0064,sesame_oil,36,ml,fat
MP0065,chicken_thigh,600,g,protein
MP0065,potato,840,g,carb
MP0065,zucchini,420,g,vegetable
MP0065,cherry_tomato,300,g,vegetable
MP0065,tomato_sauce,280,ml,sauce
MP0065,garlic,16,g,seasoning
MP0065,italian_seasoning,8,g,seasoning
MP0065,olive_oil,24,ml,fat
MP0066,canned_tuna,600,g,protein
MP0066,tortilla,4,piece,carb
MP0066,bell_pepper,420,g,vegetable
MP0066,corn,300,g,vegetable
MP0066,salsa,280,g,sauce
MP0066,chili_powder,8,g,seasoning
MP0066,cumin,8,g,seasoning
MP0066,avocado_oil,24,ml,fat
MP0067,edamame,875,g,protein
MP0067,brown_rice,375,g,carb
MP0067,carrot,525,g,vegetable
MP0067,cabbage,375,g,vegetable
MP0067,red_curry_paste,60,g,sauce
MP0067,coconut_milk,175,ml,sauce
MP0067,ginger,20,g,seasoning
MP0067,garlic,20,g,seasoning
MP0067,sesame_oil,30,ml,fat
MP0068,chicken_breast,600,g,protein
MP0068,pita,4,piece,carb
MP0068,eggplant,420,g,vegetable
MP0068,bell_pepper,300,g,vegetable
MP0068,greek_yogurt,96,g,dairy
MP0068,cumin,8,g,seasoning
MP0068,smoked_paprika,8,g,seasoning
MP0068,olive_oil,24,ml,fat
MP0069,beef_sirloin,900,g,protein
MP0069,tortilla,6,piece,carb
MP0069,cabbage,630,g,vegetable
MP0069,zucchini,450,g,vegetable
MP0069,tahini,144,g,sauce
MP0069,tamari,84,ml,sauce
MP0069,ginger,24,g,seasoning
MP0069,olive_oil,36,ml,fat
MP0070,chicken_thigh,600,g,protein
MP0070,couscous,300,g,carb
MP0070,carrot,420,g,vegetable
MP0070,tomato,300,g,vegetable
MP0070,lemon,48,g,fruit
MP0070,smoked_paprika,8,g,seasoning
MP0070,parsley,16,g,herb
MP0070,olive_oil,24,ml,fat
MP0071,salmon,600,g,protein
MP0071,white_rice,300,g,carb
MP0071,cauliflower,420,g,vegetable
MP0071,peas,300,g,vegetable
MP0071,greek_yogurt,96,g,dairy
MP0071,tomato_sauce,140,ml,sauce
MP0071,garam_masala,8,g,seasoning
MP0071,garlic,16,g,seasoning
MP0071,olive_oil,24,ml,fat
MP0072,egg,10,piece,protein
MP0072,pita,5,piece,carb
MP0072,bell_pepper,525,g,vegetable
MP0072,mushroom,375,g,vegetable
MP0072,buffalo_sauce,70,ml,sauce
MP0072,garlic,20,g,seasoning
MP0072,smoked_paprika,10,g,seasoning
MP0072,olive_oil,30,ml,fat
MP0073,chickpeas,720,g,protein
MP0073,pasta,340,g,carb
MP0073,cherry_tomato,420,g,vegetable
MP0073,broccoli,300,g,vegetable
MP0073,balsamic_vinegar,56,ml,pantry
MP0073,garlic,16,g,seasoning
MP0073,italian_seasoning,8,g,seasoning
MP0073,olive_oil,24,ml,fat
MP0074,firm_tofu,1050,g,protein
MP0074,udon_noodles,510,g,carb
MP0074,bok_choy,630,g,vegetable
MP0074,cabbage,450,g,vegetable
MP0074,tamari,84,ml,sauce
MP0074,ginger,24,g,seasoning
MP0074,green_onion,24,g,herb
MP0074,sesame_oil,36,ml,fat
MP0075,extra_firm_tofu,700,g,protein
MP0075,soba_noodles,340,g,carb
MP0075,mushroom,420,g,vegetable
MP0075,broccoli,300,g,vegetable
MP0075,balsamic_vinegar,56,ml,pantry
MP0075,chili_powder,8,g,seasoning
MP0075,garlic,16,g,seasoning
MP0075,olive_oil,24,ml,fat
MP0076,pork_tenderloin,600,g,protein
MP0076,pita,4,piece,carb
MP0076,eggplant,420,g,vegetable
MP0076,cucumber,300,g,vegetable
MP0076,lemon,48,g,fruit
MP0076,smoked_paprika,8,g,seasoning
MP0076,garlic,16,g,seasoning
MP0076,olive_oil,24,ml,fat
MP0077,chicken_breast,750,g,protein
MP0077,pita,5,piece,carb
MP0077,zucchini,525,g,vegetable
MP0077,bell_pepper,375,g,vegetable
MP0077,balsamic_vinegar,70,ml,pantry
MP0077,garlic,20,g,seasoning
MP0077,basil,20,g,herb
MP0077,olive_oil,30,ml,fat
MP0078,chicken_thigh,600,g,protein
MP0078,whole_wheat_pasta,340,g,carb
MP0078,green_beans,420,g,vegetable
MP0078,spinach,300,g,vegetable
MP0078,dijon_mustard,48,g,sauce
MP0078,garlic,16,g,seasoning
MP0078,parsley,16,g,herb
MP0078,olive_oil,24,ml,fat
MP0079,shrimp,900,g,protein
MP0079,udon_noodles,510,g,carb
MP0079,bok_choy,630,g,vegetable
MP0079,green_beans,450,g,vegetable
MP0079,green_curry_paste,72,g,sauce
MP0079,coconut_milk,210,ml,sauce
MP0079,ginger,24,g,seasoning
MP0079,basil,24,g,herb
MP0079,sesame_oil,36,ml,fat
MP0080,turkey_breast,600,g,protein
MP0080,white_rice,300,g,carb
MP0080,peas,420,g,vegetable
MP0080,onion,300,g,vegetable
MP0080,tomato_sauce,280,ml,sauce
MP0080,garam_masala,8,g,seasoning
MP0080,ginger,16,g,seasoning
MP0080,olive_oil,24,ml,fat
MP0081,ground_beef,600,g,protein
MP0081,corn_tortilla,4,piece,carb
MP0081,bell_pepper,420,g,vegetable
MP0081,cherry_tomato,300,g,vegetable
MP0081,greek_yogurt,96,g,dairy
MP0081,lemon,48,g,fruit
MP0081,dill,16,g,herb
MP0081,garlic,16,g,seasoning
MP0081,olive_oil,24,ml,fat
MP0082,beef_sirloin,750,g,protein
MP0082,pita,5,piece,carb
MP0082,cherry_tomato,525,g,vegetable
MP0082,zucchini,375,g,vegetable
MP0082,lemon,60,g,fruit
MP0082,garlic,20,g,seasoning
MP0082,parsley,20,g,herb
MP0082,olive_oil,30,ml,fat
MP0083,tempeh,700,g,protein
MP0083,whole_wheat_pasta,340,g,carb
MP0083,broccoli,420,g,vegetable
MP0083,bell_pepper,300,g,vegetable
MP0083,bbq_sauce,56,ml,sauce
MP0083,smoked_paprika,8,g,seasoning
MP0083,garlic,16,g,seasoning
MP0083,olive_oil,24,ml,fat
MP0084,brown_lentils,1080,g,protein
MP0084,corn_tortilla,6,piece,carb
MP0084,onion,630,g,vegetable
MP0084,tomato,450,g,vegetable
MP0084,salsa,420,g,sauce
MP0084,lime,72,g,fruit
MP0084,garlic,24,g,seasoning
MP0084,cilantro,24,g,herb
MP0084,avocado_oil,36,ml,fat
MP0085,ground_turkey,600,g,protein
MP0085,bulgur,300,g,carb
MP0085,spinach,420,g,vegetable
MP0085,eggplant,300,g,vegetable
MP0085,tomato_sauce,280,ml,sauce
MP0085,garlic,16,g,seasoning
MP0085,parsley,16,g,herb
MP0085,olive_oil,24,ml,fat
MP0086,ground_pork,600,g,protein
MP0086,sweet_potato,840,g,carb
MP0086,mushroom,420,g,vegetable
MP0086,zucchini,300,g,vegetable
MP0086,soy_sauce,56,ml,sauce
MP0086,garlic,16,g,seasoning
MP0086,green_onion,16,g,herb
MP0086,sesame_oil,24,ml,fat
MP0087,chicken_breast,750,g,protein
MP0087,udon_noodles,425,g,carb
MP0087,carrot,525,g,vegetable
MP0087,mushroom,375,g,vegetable
MP0087,oyster_sauce,70,ml,sauce
MP0087,garlic,20,g,seasoning
MP0087,ginger,20,g,seasoning
MP0087,sesame_oil,30,ml,fat
MP0088,ground_beef,600,g,protein
MP0088,whole_wheat_pasta,340,g,carb
MP0088,mushroom,420,g,vegetable
MP0088,eggplant,300,g,vegetable
MP0088,tomato_sauce,280,ml,sauce
MP0088,smoked_paprika,8,g,seasoning
MP0088,basil,16,g,herb
MP0088,olive_oil,24,ml,fat
MP0089,turkey_breast,900,g,protein
MP0089,quinoa,450,g,carb
MP0089,carrot,630,g,vegetable
MP0089,tomato,450,g,vegetable
MP0089,lemon,72,g,fruit
MP0089,smoked_paprika,12,g,seasoning
MP0089,parsley,24,g,herb
MP0089,olive_oil,36,ml,fat
MP0090,ground_turkey,600,g,protein
MP0090,white_rice,300,g,carb
MP0090,broccoli,420,g,vegetable
MP0090,bok_choy,300,g,vegetable
MP0090,teriyaki_sauce,56,ml,sauce
MP0090,garlic,16,g,seasoning
MP0090,ginger,16,g,seasoning
MP0090,sesame_oil,24,ml,fat
MP0091,egg,8,piece,protein
MP0091,corn_tortilla,4,piece,carb
MP0091,onion,420,g,vegetable
MP0091,tomato,300,g,vegetable
MP0091,salsa,280,g,sauce
MP0091,lime,48,g,fruit
MP0091,garlic,16,g,seasoning
MP0091,cilantro,16,g,herb
MP0091,avocado_oil,24,ml,fat
MP0092,cod,750,g,protein
MP0092,tortilla,5,piece,carb
MP0092,spinach,525,g,vegetable
MP0092,carrot,375,g,vegetable
MP0092,dijon_mustard,60,g,sauce
MP0092,honey,70,ml,pantry
MP0092,garlic,20,g,seasoning
MP0092,olive_oil,30,ml,fat
MP0093,firm_tofu,700,g,protein
MP0093,brown_rice,300,g,carb
MP0093,mushroom,420,g,vegetable
MP0093,zucchini,300,g,vegetable
MP0093,soy_sauce,56,ml,sauce
MP0093,garlic,16,g,seasoning
MP0093,green_onion,16,g,herb
MP0093,sesame_oil,24,ml,fat
MP0094,chicken_thigh,900,g,protein
MP0094,white_rice,450,g,carb
MP0094,cabbage,630,g,vegetable
MP0094,spinach,450,g,vegetable
MP0094,gochujang,72,g,sauce
MP0094,soy_sauce,84,ml,sauce
MP0094,garlic,24,g,seasoning
MP0094,ginger,24,g,seasoning
MP0094,sesame_oil,36,ml,fat
MP0095,egg,8,piece,protein
MP0095,whole_wheat_pasta,340,g,carb
MP0095,eggplant,420,g,vegetable
MP0095,spinach,300,g,vegetable
MP0095,greek_yogurt,96,g,dairy
MP0095,garlic,16,g,seasoning
MP0095,italian_seasoning,8,g,seasoning
MP0095,olive_oil,24,ml,fat
MP0096,canned_tuna,600,g,protein
MP0096,brown_rice,300,g,carb
MP0096,tomato,420,g,vegetable
MP0096,spinach,300,g,vegetable
MP0096,tahini,96,g,sauce
MP0096,lemon,48,g,fruit
MP0096,garlic,16,g,seasoning
MP0096,parsley,16,g,herb
MP0096,olive_oil,24,ml,fat
MP0097,turkey_breast,750,g,protein
MP0097,whole_wheat_pasta,425,g,carb
MP0097,spinach,525,g,vegetable
MP0097,carrot,375,g,vegetable
MP0097,dijon_mustard,60,g,sauce
MP0097,honey,70,ml,pantry
MP0097,garlic,20,g,seasoning
MP0097,olive_oil,30,ml,fat
MP0098,halloumi,420,g,protein
MP0098,udon_noodles,340,g,carb
MP0098,bok_choy,420,g,vegetable
MP0098,cabbage,300,g,vegetable
MP0098,tamari,56,ml,sauce
MP0098,ginger,16,g,seasoning
MP0098,green_onion,16,g,herb
MP0098,sesame_oil,24,ml,fat
MP0099,chicken_breast,900,g,protein
MP0099,white_rice,450,g,carb
MP0099,cabbage,630,g,vegetable
MP0099,mushroom,450,g,vegetable
MP0099,lime,72,g,fruit
MP0099,fish_sauce,84,ml,sauce
MP0099,ginger,24,g,seasoning
MP0099,garlic,24,g,seasoning
MP0099,sesame_oil,36,ml,fat
MP0100,beef_sirloin,600,g,protein
MP0100,udon_noodles,340,g,carb
MP0100,zucchini,420,g,vegetable
MP0100,carrot,300,g,vegetable
MP0100,tamari,56,ml,sauce
MP0100,ginger,16,g,seasoning
MP0100,green_onion,16,g,herb
MP0100,sesame_oil,24,ml,fat
MP0101,ground_beef,600,g,protein
MP0101,pita,4,piece,carb
MP0101,spinach,420,g,vegetable
MP0101,onion,300,g,vegetable
MP0101,salsa,280,g,sauce
MP0101,smoked_paprika,8,g,seasoning
MP0101,garlic,16,g,seasoning
MP0101,avocado_oil,24,ml,fat
MP0102,salmon,750,g,protein
MP0102,tortilla,5,piece,carb
MP0102,onion,525,g,vegetable
MP0102,tomato,375,g,vegetable
MP0102,salsa,350,g,sauce
MP0102,lime,60,g,fruit
MP0102,garlic,20,g,seasoning
MP0102,cilantro,20,g,herb
MP0102,avocado_oil,30,ml,fat
MP0103,pork_tenderloin,600,g,protein
MP0103,quinoa,300,g,carb
MP0103,spinach,420,g,vegetable
MP0103,mushroom,300,g,vegetable
MP0103,pesto,96,g,sauce
MP0103,garlic,16,g,seasoning
MP0103,basil,16,g,herb
MP0103,olive_oil,24,ml,fat
MP0104,seitan,900,g,protein
MP0104,white_rice,450,g,carb
MP0104,peas,630,g,vegetable
MP0104,onion,450,g,vegetable
MP0104,tomato_sauce,420,ml,sauce
MP0104,garam_masala,12,g,seasoning
MP0104,ginger,24,g,seasoning
MP0104,olive_oil,36,ml,fat
MP0105,chicken_thigh,600,g,protein
MP0105,sweet_potato,840,g,carb
MP0105,onion,420,g,vegetable
MP0105,tomato,300,g,vegetable
MP0105,salsa,280,g,sauce
MP0105,lime,48,g,fruit
MP0105,garlic,16,g,seasoning
MP0105,cilantro,16,g,herb
MP0105,avocado_oil,24,ml,fat
MP0106,scallops,600,g,protein
MP0106,couscous,300,g,carb
MP0106,bell_pepper,420,g,vegetable
MP0106,cherry_tomato,300,g,vegetable
MP0106,greek_yogurt,96,g,dairy
MP0106,lemon,48,g,fruit
MP0106,dill,16,g,herb
MP0106,garlic,16,g,seasoning
MP0106,olive_oil,24,ml,fat
MP0107,extra_firm_tofu,875,g,protein
MP0107,brown_rice,375,g,carb
MP0107,cherry_tomato,525,g,vegetable
MP0107,zucchini,375,g,vegetable
MP0107,lemon,60,g,fruit
MP0107,garlic,20,g,seasoning
MP0107,parsley,20,g,herb
MP0107,olive_oil,30,ml,fat
MP0108,tempeh,700,g,protein
MP0108,brown_rice,300,g,carb
MP0108,carrot,420,g,vegetable
MP0108,mushroom,300,g,vegetable
MP0108,soy_sauce,56,ml,sauce
MP0108,brown_sugar,48,g,pantry
MP0108,garlic,16,g,seasoning
MP0108,ginger,16,g,seasoning
MP0108,sesame_oil,24,ml,fat
MP0109,shrimp,900,g,protein
MP0109,brown_rice,450,g,carb
MP0109,spinach,630,g,vegetable
MP0109,tomato,450,g,vegetable
MP0109,coconut_milk,420,ml,sauce
MP0109,curry_powder,12,g,seasoning
MP0109,turmeric,12,g,seasoning
MP0109,olive_oil,36,ml,fat
MP0110,egg,8,piece,protein
MP0110,rice_noodles,340,g,carb
MP0110,mushroom,420,g,vegetable
MP0110,zucchini,300,g,vegetable
MP0110,soy_sauce,56,ml,sauce
MP0110,garlic,16,g,seasoning
MP0110,green_onion,16,g,herb
MP0110,sesame_oil,24,ml,fat
MP0111,firm_tofu,700,g,protein
MP0111,quinoa,300,g,carb
MP0111,carrot,420,g,vegetable
MP0111,green_beans,300,g,vegetable
MP0111,tomato_sauce,280,ml,sauce
MP0111,garlic,16,g,seasoning
MP0111,smoked_paprika,8,g,seasoning
MP0111,olive_oil,24,ml,fat
MP0112,beef_sirloin,750,g,protein
MP0112,white_rice,375,g,carb
MP0112,cabbage,525,g,vegetable
MP0112,broccoli,375,g,vegetable
MP0112,miso,60,g,sauce
MP0112,garlic,20,g,seasoning
MP0112,green_onion,20,g,herb
MP0112,sesame_oil,30,ml,fat
MP0113,ground_turkey,600,g,protein
MP0113,couscous,300,g,carb
MP0113,zucchini,420,g,vegetable
MP0113,bell_pepper,300,g,vegetable
MP0113,balsamic_vinegar,56,ml,pantry
MP0113,garlic,16,g,seasoning
MP0113,basil,16,g,herb
MP0113,olive_oil,24,ml,fat
MP0114,extra_firm_tofu,1050,g,protein
MP0114,udon_noodles,510,g,carb
MP0114,bell_pepper,630,g,vegetable
MP0114,carrot,450,g,vegetable
MP0114,soy_sauce,84,ml,sauce
MP0114,honey,84,ml,pantry
MP0114,chili_powder,12,g,seasoning
MP0114,garlic,24,g,seasoning
MP0114,sesame_oil,36,ml,fat
MP0115,chicken_breast,600,g,protein
MP0115,brown_rice,300,g,carb
MP0115,carrot,420,g,vegetable
MP0115,mushroom,300,g,vegetable
MP0115,miso,48,g,sauce
MP0115,rice_vinegar,56,ml,pantry
MP0115,ginger,16,g,seasoning
MP0115,garlic,16,g,seasoning
MP0115,sesame_oil,24,ml,fat
MP0116,chicken_thigh,600,g,protein
MP0116,brown_rice,300,g,carb
MP0116,spinach,420,g,vegetable
MP0116,mushroom,300,g,vegetable
MP0116,bbq_sauce,56,ml,sauce
MP0116,curry_powder,8,g,seasoning
MP0116,garlic,16,g,seasoning
MP0116,olive_oil,24,ml,fat
MP0117,tempeh,875,g,protein
MP0117,white_rice,375,g,carb
MP0117,tomato,525,g,vegetable
MP0117,spinach,375,g,vegetable
MP0117,lime,60,g,fruit
MP0117,cilantro,20,g,herb
MP0117,garlic,20,g,seasoning
MP0117,avocado_oil,30,ml,fat
MP0118,chicken_breast,600,g,protein
MP0118,brown_rice,300,g,carb
MP0118,carrot,420,g,vegetable
MP0118,mushroom,300,g,vegetable
MP0118,soy_sauce,56,ml,sauce
MP0118,brown_sugar,48,g,pantry
MP0118,garlic,16,g,seasoning
MP0118,ginger,16,g,seasoning
MP0118,sesame_oil,24,ml,fat
MP0119,egg,12,piece,protein
MP0119,rice_noodles,510,g,carb
MP0119,broccoli,630,g,vegetable
MP0119,bok_choy,450,g,vegetable
MP0119,teriyaki_sauce,84,ml,sauce
MP0119,garlic,24,g,seasoning
MP0119,ginger,24,g,seasoning
MP0119,sesame_oil,36,ml,fat
MP0120,ground_beef,600,g,protein
MP0120,white_rice,300,g,carb
MP0120,onion,420,g,vegetable
MP0120,tomato,300,g,vegetable
MP0120,salsa,280,g,sauce
MP0120,lime,48,g,fruit
MP0120,garlic,16,g,seasoning
MP0120,cilantro,16,g,herb
MP0120,avocado_oil,24,ml,fat
MP0121,kidney_beans,720,g,protein
MP0121,white_rice,300,g,carb
MP0121,tomato,420,g,vegetable
MP0121,spinach,300,g,vegetable
MP0121,lime,48,g,fruit
MP0121,cilantro,16,g,herb
MP0121,garlic,16,g,seasoning
MP0121,avocado_oil,24,ml,fat
MP0122,beef_sirloin,750,g,protein
MP0122,tortilla,5,piece,carb
MP0122,spinach,525,g,vegetable
MP0122,carrot,375,g,vegetable
MP0122,dijon_mustard,60,g,sauce
MP0122,honey,70,ml,pantry
MP0122,garlic,20,g,seasoning
MP0122,olive_oil,30,ml,fat
MP0123,chicken_thigh,600,g,protein
MP0123,white_rice,300,g,carb
MP0123,cabbage,420,g,vegetable
MP0123,broccoli,300,g,vegetable
MP0123,miso,48,g,sauce
MP0123,garlic,16,g,seasoning
MP0123,green_onion,16,g,herb
MP0123,sesame_oil,24,ml,fat
MP0124,ground_beef,900,g,protein
MP0124,rice_noodles,510,g,carb
MP0124,cabbage,630,g,vegetable
MP0124,spinach,450,g,vegetable
MP0124,gochujang,72,g,sauce
MP0124,soy_sauce,84,ml,sauce
MP0124,garlic,24,g,seasoning
MP0124,ginger,24,g,seasoning
MP0124,sesame_oil,36,ml,fat
MP0125,chicken_breast,600,g,protein
MP0125,brown_rice,300,g,carb
MP0125,zucchini,420,g,vegetable
MP0125,bell_pepper,300,g,vegetable
MP0125,tomato_sauce,280,ml,sauce
MP0125,chili_powder,8,g,seasoning
MP0125,cumin,8,g,seasoning
MP0125,avocado_oil,24,ml,fat
MP0126,beef_sirloin,600,g,protein
MP0126,brown_rice,300,g,carb
MP0126,corn,420,g,vegetable
MP0126,zucchini,300,g,vegetable
MP0126,lime,48,g,fruit
MP0126,chili_powder,8,g,seasoning
MP0126,cumin,8,g,seasoning
MP0126,avocado_oil,24,ml,fat
MP0127,cod,750,g,protein
MP0127,white_rice,375,g,carb
MP0127,bok_choy,525,g,vegetable
MP0127,cabbage,375,g,vegetable
MP0127,tamari,70,ml,sauce
MP0127,ginger,20,g,seasoning
MP0127,green_onion,20,g,herb
MP0127,sesame_oil,30,ml,fat
MP0128,canned_tuna,600,g,protein
MP0128,brown_rice,300,g,carb
MP0128,mushroom,420,g,vegetable
MP0128,green_beans,300,g,vegetable
MP0128,soy_sauce,56,ml,sauce
MP0128,honey,56,ml,pantry
MP0128,ginger,16,g,seasoning
MP0128,sesame_oil,24,ml,fat
MP0129,chicken_thigh,900,g,protein
MP0129,udon_noodles,510,g,carb
MP0129,green_beans,630,g,vegetable
MP0129,carrot,450,g,vegetable
MP0129,rice_vinegar,84,ml,pantry
MP0129,tamari,84,ml,sauce
MP0129,ginger,24,g,seasoning
MP0129,sesame_oil,36,ml,fat
MP0130,ground_beef,600,g,protein
MP0130,brown_rice,300,g,carb
MP0130,carrot,420,g,vegetable
MP0130,mushroom,300,g,vegetable
MP0130,soy_sauce,56,ml,sauce
MP0130,brown_sugar,48,g,pantry
MP0130,garlic,16,g,seasoning
MP0130,ginger,16,g,seasoning
MP0130,sesame_oil,24,ml,fat
MP0131,ground_pork,600,g,protein
MP0131,white_rice,300,g,carb
MP0131,cauliflower,420,g,vegetable
MP0131,peas,300,g,vegetable
MP0131,greek_yogurt,96,g,dairy
MP0131,tomato_sauce,140,ml,sauce
MP0131,garam_masala,8,g,seasoning
MP0131,garlic,16,g,seasoning
MP0131,olive_oil,24,ml,fat
MP0132,salmon,750,g,protein
MP0132,brown_rice,375,g,carb
MP0132,carrot,525,g,vegetable
MP0132,mushroom,375,g,vegetable
MP0132,soy_sauce,70,ml,sauce
MP0132,brown_sugar,60,g,pantry
MP0132,garlic,20,g,seasoning
MP0132,ginger,20,g,seasoning
MP0132,sesame_oil,30,ml,fat
MP0133,white_beans,720,g,protein
MP0133,brown_rice,300,g,carb
MP0133,carrot,420,g,vegetable
MP0133,mushroom,300,g,vegetable
MP0133,soy_sauce,56,ml,sauce
MP0133,brown_sugar,48,g,pantry
MP0133,garlic,16,g,seasoning
MP0133,ginger,16,g,seasoning
MP0133,sesame_oil,24,ml,fat
MP0134,black_beans,1080,g,protein
MP0134,pita,6,piece,carb
MP0134,zucchini,630,g,vegetable
MP0134,bell_pepper,450,g,vegetable
MP0134,balsamic_vinegar,84,ml,pantry
MP0134,garlic,24,g,seasoning
MP0134,basil,24,g,herb
MP0134,olive_oil,36,ml,fat
MP0135,firm_tofu,700,g,protein
MP0135,bulgur,300,g,carb
MP0135,eggplant,420,g,vegetable
MP0135,cucumber,300,g,vegetable
MP0135,lemon,48,g,fruit
MP0135,smoked_paprika,8,g,seasoning
MP0135,garlic,16,g,seasoning
MP0135,olive_oil,24,ml,fat
MP0136,pork_tenderloin,600,g,protein
MP0136,quinoa,300,g,carb
MP0136,broccoli,420,g,vegetable
MP0136,bell_pepper,300,g,vegetable
MP0136,bbq_sauce,56,ml,sauce
MP0136,smoked_paprika,8,g,seasoning
MP0136,garlic,16,g,seasoning
MP0136,olive_oil,24,ml,fat
MP0137,chicken_breast,750,g,protein
MP0137,rice_noodles,425,g,carb
MP0137,broccoli,525,g,vegetable
MP0137,bok_choy,375,g,vegetable
MP0137,soy_sauce,70,ml,sauce
MP0137,ginger,20,g,seasoning
MP0137,garlic,20,g,seasoning
MP0137,sesame_oil,30,ml,fat
MP0138,chickpeas,720,g,protein
MP0138,rice_noodles,340,g,carb
MP0138,broccoli,420,g,vegetable
MP0138,bok_choy,300,g,vegetable
MP0138,soy_sauce,56,ml,sauce
MP0138,ginger,16,g,seasoning
MP0138,garlic,16,g,seasoning
MP0138,sesame_oil,24,ml,fat
MP0139,beef_sirloin,900,g,protein
MP0139,white_rice,450,g,carb
MP0139,bok_choy,630,g,vegetable
MP0139,cabbage,450,g,vegetable
MP0139,tamari,84,ml,sauce
MP0139,ginger,24,g,seasoning
MP0139,green_onion,24,g,herb
MP0139,sesame_oil,36,ml,fat
MP0140,brown_lentils,720,g,protein
MP0140,rice_noodles,340,g,carb
MP0140,carrot,420,g,vegetable
MP0140,mushroom,300,g,vegetable
MP0140,oyster_sauce,56,ml,sauce
MP0140,garlic,16,g,seasoning
MP0140,ginger,16,g,seasoning
MP0140,sesame_oil,24,ml,fat
MP0141,ground_beef,600,g,protein
MP0141,pita,4,piece,carb
MP0141,cherry_tomato,420,g,vegetable
MP0141,zucchini,300,g,vegetable
MP0141,lemon,48,g,fruit
MP0141,garlic,16,g,seasoning
MP0141,parsley,16,g,herb
MP0141,olive_oil,24,ml,fat
MP0142,chicken_thigh,750,g,protein
MP0142,tortilla,5,piece,carb
MP0142,zucchini,525,g,vegetable
MP0142,bell_pepper,375,g,vegetable
MP0142,tomato_sauce,350,ml,sauce
MP0142,chili_powder,10,g,seasoning
MP0142,cumin,10,g,seasoning
MP0142,avocado_oil,30,ml,fat
MP0143,extra_firm_tofu,700,g,protein
MP0143,potato,840,g,carb
MP0143,bell_pepper,420,g,vegetable
MP0143,mushroom,300,g,vegetable
MP0143,buffalo_sauce,56,ml,sauce
MP0143,garlic,16,g,seasoning
MP0143,smoked_paprika,8,g,seasoning
MP0143,olive_oil,24,ml,fat
MP0144,tempeh,1050,g,protein
MP0144,quinoa,450,g,carb
MP0144,mushroom,630,g,vegetable
MP0144,broccoli,450,g,vegetable
MP0144,balsamic_vinegar,84,ml,pantry
MP0144,garlic,24,g,seasoning
MP0144,italian_seasoning,12,g,seasoning
MP0144,olive_oil,36,ml,fat
MP0145,chicken_breast,600,g,protein
MP0145,quinoa,300,g,carb
MP0145,mushroom,420,g,vegetable
MP0145,eggplant,300,g,vegetable
MP0145,tomato_sauce,280,ml,sauce
MP0145,smoked_paprika,8,g,seasoning
MP0145,basil,16,g,herb
MP0145,olive_oil,24,ml,fat
MP0146,kidney_beans,720,g,protein
MP0146,white_rice,300,g,carb
MP0146,cabbage,420,g,vegetable
MP0146,mushroom,300,g,vegetable
MP0146,lime,48,g,fruit
MP0146,fish_sauce,56,ml,sauce
MP0146,ginger,16,g,seasoning
MP0146,garlic,16,g,seasoning
MP0146,sesame_oil,24,ml,fat
MP0147,scallops,750,g,protein
MP0147,whole_wheat_pasta,425,g,carb
MP0147,spinach,525,g,vegetable
MP0147,carrot,375,g,vegetable
MP0147,dijon_mustard,60,g,sauce
MP0147,honey,70,ml,pantry
MP0147,garlic,20,g,seasoning
MP0147,olive_oil,30,ml,fat
MP0148,cod,600,g,protein
MP0148,brown_rice,300,g,carb
MP0148,mushroom,420,g,vegetable
MP0148,carrot,300,g,vegetable
MP0148,honey,56,ml,pantry
MP0148,fish_sauce,56,ml,sauce
MP0148,chili_powder,8,g,seasoning
MP0148,basil,16,g,herb
MP0148,sesame_oil,24,ml,fat
MP0149,edamame,1050,g,protein
MP0149,whole_wheat_pasta,510,g,carb
MP0149,eggplant,630,g,vegetable
MP0149,spinach,450,g,vegetable
MP0149,greek_yogurt,144,g,dairy
MP0149,garlic,24,g,seasoning
MP0149,italian_seasoning,12,g,seasoning
MP0149,olive_oil,36,ml,fat
MP0150,halloumi,420,g,protein
MP0150,brown_rice,300,g,carb
MP0150,bell_pepper,420,g,vegetable
MP0150,corn,300,g,vegetable
MP0150,salsa,280,g,sauce
MP0150,chili_powder,8,g,seasoning
MP0150,cumin,8,g,seasoning
MP0150,avocado_oil,24,ml,fat
MP0151,ground_pork,600,g,protein
MP0151,udon_noodles,340,g,carb
MP0151,bell_pepper,420,g,vegetable
MP0151,carrot,300,g,vegetable
MP0151,soy_sauce,56,ml,sauce
MP0151,honey,56,ml,pantry
MP0151,chili_powder,8,g,seasoning
MP0151,garlic,16,g,seasoning
MP0151,sesame_oil,24,ml,fat
MP0152,seitan,750,g,protein
MP0152,brown_rice,375,g,carb
MP0152,mushroom,525,g,vegetable
MP0152,zucchini,375,g,vegetable
MP0152,soy_sauce,70,ml,sauce
MP0152,garlic,20,g,seasoning
MP0152,green_onion,20,g,herb
MP0152,sesame_oil,30,ml,fat
MP0153,beef_sirloin,600,g,protein
MP0153,brown_rice,300,g,carb
MP0153,carrot,420,g,vegetable
MP0153,green_beans,300,g,vegetable
MP0153,tomato_sauce,280,ml,sauce
MP0153,garlic,16,g,seasoning
MP0153,smoked_paprika,8,g,seasoning
MP0153,olive_oil,24,ml,fat
MP0154,white_beans,1080,g,protein
MP0154,white_rice,450,g,carb
MP0154,onion,630,g,vegetable
MP0154,tomato,450,g,vegetable
MP0154,salsa,420,g,sauce
MP0154,lime,72,g,fruit
MP0154,garlic,24,g,seasoning
MP0154,cilantro,24,g,herb
MP0154,avocado_oil,36,ml,fat
MP0155,chicken_thigh,600,g,protein
MP0155,sweet_potato,840,g,carb
MP0155,mushroom,420,g,vegetable
MP0155,zucchini,300,g,vegetable
MP0155,soy_sauce,56,ml,sauce
MP0155,garlic,16,g,seasoning
MP0155,green_onion,16,g,herb
MP0155,sesame_oil,24,ml,fat
MP0156,black_beans,720,g,protein
MP0156,brown_rice,300,g,carb
MP0156,spinach,420,g,vegetable
MP0156,tomato,300,g,vegetable
MP0156,coconut_milk,280,ml,sauce
MP0156,curry_powder,8,g,seasoning
MP0156,turmeric,8,g,seasoning
MP0156,olive_oil,24,ml,fat
MP0157,pork_tenderloin,750,g,protein
MP0157,brown_rice,375,g,carb
MP0157,mushroom,525,g,vegetable
MP0157,broccoli,375,g,vegetable
MP0157,balsamic_vinegar,70,ml,pantry
MP0157,garlic,20,g,seasoning
MP0157,italian_seasoning,10,g,seasoning
MP0157,olive_oil,30,ml,fat
MP0158,chicken_breast,600,g,protein
MP0158,sweet_potato,840,g,carb
MP0158,carrot,420,g,vegetable
MP0158,mushroom,300,g,vegetable
MP0158,soy_sauce,56,ml,sauce
MP0158,brown_sugar,48,g,pantry
MP0158,garlic,16,g,seasoning
MP0158,ginger,16,g,seasoning
MP0158,sesame_oil,24,ml,fat
MP0159,egg,12,piece,protein
MP0159,corn_tortilla,6,piece,carb
MP0159,bell_pepper,630,g,vegetable
MP0159,cucumber,450,g,vegetable
MP0159,greek_yogurt,144,g,dairy
MP0159,lemon,72,g,fruit
MP0159,mint,24,g,herb
MP0159,garlic,24,g,seasoning
MP0159,olive_oil,36,ml,fat
MP0160,ground_beef,600,g,protein
MP0160,corn_tortilla,4,piece,carb
MP0160,green_beans,420,g,vegetable
MP0160,spinach,300,g,vegetable
MP0160,dijon_mustard,48,g,sauce
MP0160,garlic,16,g,seasoning
MP0160,parsley,16,g,herb
MP0160,olive_oil,24,ml,fat
MP0161,chicken_thigh,600,g,protein
MP0161,brown_rice,300,g,carb
MP0161,bell_pepper,420,g,vegetable
MP0161,carrot,300,g,vegetable
MP0161,soy_sauce,56,ml,sauce
MP0161,honey,56,ml,pantry
MP0161,chili_powder,8,g,seasoning
MP0161,garlic,16,g,seasoning
MP0161,sesame_oil,24,ml,fat
MP0162,canned_tuna,750,g,protein
MP0162,udon_noodles,425,g,carb
MP0162,bok_choy,525,g,vegetable
MP0162,cabbage,375,g,vegetable
MP0162,tamari,70,ml,sauce
MP0162,ginger,20,g,seasoning
MP0162,green_onion,20,g,herb
MP0162,sesame_oil,30,ml,fat
MP0163,chickpeas,720,g,protein
MP0163,pita,4,piece,carb
MP0163,zucchini,420,g,vegetable
MP0163,bell_pepper,300,g,vegetable
MP0163,balsamic_vinegar,56,ml,pantry
MP0163,garlic,16,g,seasoning
MP0163,basil,16,g,herb
MP0163,olive_oil,24,ml,fat
MP0164,chicken_breast,900,g,protein
MP0164,udon_noodles,510,g,carb
MP0164,mushroom,630,g,vegetable
MP0164,bell_pepper,450,g,vegetable
MP0164,soy_sauce,84,ml,sauce
MP0164,rice_vinegar,84,ml,pantry
MP0164,chili_powder,12,g,seasoning
MP0164,garlic,24,g,seasoning
MP0164,sesame_oil,36,ml,fat
MP0165,turkey_breast,600,g,protein
MP0165,couscous,300,g,carb
MP0165,bell_pepper,420,g,vegetable
MP0165,cucumber,300,g,vegetable
MP0165,greek_yogurt,96,g,dairy
MP0165,lemon,48,g,fruit
MP0165,mint,16,g,herb
MP0165,garlic,16,g,seasoning
MP0165,olive_oil,24,ml,fat
MP0166,ground_turkey,600,g,protein
MP0166,udon_noodles,340,g,carb
MP0166,green_beans,420,g,vegetable
MP0166,carrot,300,g,vegetable
MP0166,rice_vinegar,56,ml,pantry
MP0166,tamari,56,ml,sauce
MP0166,ginger,16,g,seasoning
MP0166,sesame_oil,24,ml,fat
MP0167,chicken_thigh,750,g,protein
MP0167,white_rice,375,g,carb
MP0167,bell_pepper,525,g,vegetable
MP0167,bok_choy,375,g,vegetable
MP0167,fish_sauce,70,ml,sauce
MP0167,lime,60,g,fruit
MP0167,garlic,20,g,seasoning
MP0167,basil,20,g,herb
MP0167,sesame_oil,30,ml,fat
MP0168,brown_lentils,720,g,protein
MP0168,brown_rice,300,g,carb
MP0168,carrot,420,g,vegetable
MP0168,mushroom,300,g,vegetable
MP0168,soy_sauce,56,ml,sauce
MP0168,brown_sugar,48,g,pantry
MP0168,garlic,16,g,seasoning
MP0168,ginger,16,g,seasoning
MP0168,sesame_oil,24,ml,fat
MP0169,chicken_breast,900,g,protein
MP0169,pasta,510,g,carb
MP0169,broccoli,630,g,vegetable
MP0169,zucchini,450,g,vegetable
MP0169,lemon,72,g,fruit
MP0169,garlic,24,g,seasoning
MP0169,basil,24,g,herb
MP0169,olive_oil,36,ml,fat
MP0170,salmon,600,g,protein
MP0170,white_rice,300,g,carb
MP0170,broccoli,420,g,vegetable
MP0170,cabbage,300,g,vegetable
MP0170,gochujang,48,g,sauce
MP0170,rice_vinegar,56,ml,pantry
MP0170,garlic,16,g,seasoning
MP0170,chili_powder,8,g,seasoning
MP0170,sesame_oil,24,ml,fat
MP0171,firm_tofu,700,g,protein
MP0171,brown_rice,300,g,carb
MP0171,zucchini,420,g,vegetable
MP0171,carrot,300,g,vegetable
MP0171,tamari,56,ml,sauce
MP0171,ginger,16,g,seasoning
MP0171,green_onion,16,g,herb
MP0171,sesame_oil,24,ml,fat
MP0172,extra_firm_tofu,875,g,protein
MP0172,tortilla,5,piece,carb
MP0172,spinach,525,g,vegetable
MP0172,onion,375,g,vegetable
MP0172,salsa,350,g,sauce
MP0172,smoked_paprika,10,g,seasoning
MP0172,garlic,20,g,seasoning
MP0172,avocado_oil,30,ml,fat
MP0173,beef_sirloin,600,g,protein
MP0173,brown_rice,300,g,carb
MP0173,bell_pepper,420,g,vegetable
MP0173,spinach,300,g,vegetable
MP0173,greek_yogurt,96,g,dairy
MP0173,curry_powder,8,g,seasoning
MP0173,garlic,16,g,seasoning
MP0173,olive_oil,24,ml,fat
MP0174,ground_beef,900,g,protein
MP0174,udon_noodles,510,g,carb
MP0174,bok_choy,630,g,vegetable
MP0174,cabbage,450,g,vegetable
MP0174,tamari,84,ml,sauce
MP0174,ginger,24,g,seasoning
MP0174,green_onion,24,g,herb
MP0174,sesame_oil,36,ml,fat
MP0175,cod,600,g,protein
MP0175,rice_noodles,340,g,carb
MP0175,broccoli,420,g,vegetable
MP0175,cabbage,300,g,vegetable
MP0175,gochujang,48,g,sauce
MP0175,rice_vinegar,56,ml,pantry
MP0175,garlic,16,g,seasoning
MP0175,chili_powder,8,g,seasoning
MP0175,sesame_oil,24,ml,fat
MP0176,egg,8,piece,protein
MP0176,whole_wheat_pasta,340,g,carb
MP0176,carrot,420,g,vegetable
MP0176,green_beans,300,g,vegetable
MP0176,tomato_sauce,280,ml,sauce
MP0176,garlic,16,g,seasoning
MP0176,smoked_paprika,8,g,seasoning
MP0176,olive_oil,24,ml,fat
MP0177,chicken_thigh,750,g,protein
MP0177,whole_wheat_pasta,425,g,carb
MP0177,carrot,525,g,vegetable
MP0177,green_beans,375,g,vegetable
MP0177,tomato_sauce,350,ml,sauce
MP0177,garlic,20,g,seasoning
MP0177,smoked_paprika,10,g,seasoning
MP0177,olive_oil,30,ml,fat
MP0178,canned_tuna,600,g,protein
MP0178,brown_rice,300,g,carb
MP0178,bell_pepper,420,g,vegetable
MP0178,corn,300,g,vegetable
MP0178,salsa,280,g,sauce
MP0178,chili_powder,8,g,seasoning
MP0178,cumin,8,g,seasoning
MP0178,avocado_oil,24,ml,fat
MP0179,chicken_breast,900,g,protein
MP0179,sweet_potato,1260,g,carb
MP0179,bell_pepper,630,g,vegetable
MP0179,mushroom,450,g,vegetable
MP0179,buffalo_sauce,84,ml,sauce
MP0179,garlic,24,g,seasoning
MP0179,smoked_paprika,12,g,seasoning
MP0179,olive_oil,36,ml,fat
MP0180,tempeh,700,g,protein
MP0180,soba_noodles,340,g,carb
MP0180,bok_choy,420,g,vegetable
MP0180,cabbage,300,g,vegetable
MP0180,tamari,56,ml,sauce
MP0180,ginger,16,g,seasoning
MP0180,green_onion,16,g,herb
MP0180,sesame_oil,24,ml,fat
MP0181,chicken_thigh,600,g,protein
MP0181,whole_wheat_pasta,340,g,carb
MP0181,carrot,420,g,vegetable
MP0181,green_beans,300,g,vegetable
MP0181,tomato_sauce,280,ml,sauce
MP0181,garlic,16,g,seasoning
MP0181,smoked_paprika,8,g,seasoning
MP0181,olive_oil,24,ml,fat
MP0182,salmon,750,g,protein
MP0182,whole_wheat_pasta,425,g,carb
MP0182,mushroom,525,g,vegetable
MP0182,broccoli,375,g,vegetable
MP0182,balsamic_vinegar,70,ml,pantry
MP0182,garlic,20,g,seasoning
MP0182,italian_seasoning,10,g,seasoning
MP0182,olive_oil,30,ml,fat
MP0183,beef_sirloin,600,g,protein
MP0183,white_rice,300,g,carb
MP0183,broccoli,420,g,vegetable
MP0183,bok_choy,300,g,vegetable
MP0183,soy_sauce,56,ml,sauce
MP0183,ginger,16,g,seasoning
MP0183,garlic,16,g,seasoning
MP0183,sesame_oil,24,ml,fat
MP0184,chicken_breast,900,g,protein
MP0184,rice_noodles,510,g,carb
MP0184,broccoli,630,g,vegetable
MP0184,cabbage,450,g,vegetable
MP0184,gochujang,72,g,sauce
MP0184,rice_vinegar,84,ml,pantry
MP0184,garlic,24,g,seasoning
MP0184,chili_powder,12,g,seasoning
MP0184,sesame_oil,36,ml,fat
MP0185,chicken_thigh,600,g,protein
MP0185,tortilla,4,piece,carb
MP0185,spinach,420,g,vegetable
MP0185,eggplant,300,g,vegetable
MP0185,tomato_sauce,280,ml,sauce
MP0185,garlic,16,g,seasoning
MP0185,parsley,16,g,herb
MP0185,olive_oil,24,ml,fat
MP0186,cod,600,g,protein
MP0186,whole_wheat_pasta,340,g,carb
MP0186,spinach,420,g,vegetable
MP0186,carrot,300,g,vegetable
MP0186,dijon_mustard,48,g,sauce
MP0186,honey,56,ml,pantry
MP0186,garlic,16,g,seasoning
MP0186,olive_oil,24,ml,fat
MP0187,chicken_breast,750,g,protein
MP0187,soba_noodles,425,g,carb
MP0187,cabbage,525,g,vegetable
MP0187,broccoli,375,g,vegetable
MP0187,miso,60,g,sauce
MP0187,garlic,20,g,seasoning
MP0187,green_onion,20,g,herb
MP0187,sesame_oil,30,ml,fat
MP0188,ground_pork,600,g,protein
MP0188,rice_noodles,340,g,carb
MP0188,carrot,420,g,vegetable
MP0188,mushroom,300,g,vegetable
MP0188,oyster_sauce,56,ml,sauce
MP0188,garlic,16,g,seasoning
MP0188,ginger,16,g,seasoning
MP0188,sesame_oil,24,ml,fat
MP0189,chicken_breast,900,g,protein
MP0189,rice_noodles,510,g,carb
MP0189,bok_choy,630,g,vegetable
MP0189,mushroom,450,g,vegetable
MP0189,oyster_sauce,84,ml,sauce
MP0189,garlic,24,g,seasoning
MP0189,ginger,24,g,seasoning
MP0189,sesame_oil,36,ml,fat
MP0190,chicken_breast,600,g,protein
MP0190,soba_noodles,340,g,carb
MP0190,bok_choy,420,g,vegetable
MP0190,cabbage,300,g,vegetable
MP0190,tamari,56,ml,sauce
MP0190,ginger,16,g,seasoning
MP0190,green_onion,16,g,herb
MP0190,sesame_oil,24,ml,fat
MP0191,pork_tenderloin,600,g,protein
MP0191,udon_noodles,340,g,carb
MP0191,green_beans,420,g,vegetable
MP0191,carrot,300,g,vegetable
MP0191,rice_vinegar,56,ml,pantry
MP0191,tamari,56,ml,sauce
MP0191,ginger,16,g,seasoning
MP0191,sesame_oil,24,ml,fat
MP0192,kidney_beans,900,g,protein
MP0192,rice_noodles,425,g,carb
MP0192,bok_choy,525,g,vegetable
MP0192,cabbage,375,g,vegetable
MP0192,tamari,70,ml,sauce
MP0192,ginger,20,g,seasoning
MP0192,green_onion,20,g,herb
MP0192,sesame_oil,30,ml,fat
MP0193,ground_beef,600,g,protein
MP0193,white_rice,300,g,carb
MP0193,zucchini,420,g,vegetable
MP0193,bell_pepper,300,g,vegetable
MP0193,tomato_sauce,280,ml,sauce
MP0193,chili_powder,8,g,seasoning
MP0193,cumin,8,g,seasoning
MP0193,avocado_oil,24,ml,fat
MP0194,firm_tofu,1050,g,protein
MP0194,bulgur,450,g,carb
MP0194,eggplant,630,g,vegetable
MP0194,cucumber,450,g,vegetable
MP0194,lemon,72,g,fruit
MP0194,smoked_paprika,12,g,seasoning
MP0194,garlic,24,g,seasoning
MP0194,olive_oil,36,ml,fat
MP0195,beef_sirloin,600,g,protein
MP0195,corn_tortilla,4,piece,carb
MP0195,cucumber,420,g,vegetable
MP0195,spinach,300,g,vegetable
MP0195,tahini,96,g,sauce
MP0195,lemon,48,g,fruit
MP0195,garlic,16,g,seasoning
MP0195,parsley,16,g,herb
MP0195,olive_oil,24,ml,fat
MP0196,ground_pork,600,g,protein
MP0196,soba_noodles,340,g,carb
MP0196,green_beans,420,g,vegetable
MP0196,bell_pepper,300,g,vegetable
MP0196,peanut_butter,96,g,fat
MP0196,lime,48,g,fruit
MP0196,ginger,16,g,seasoning
MP0196,chili_powder,8,g,seasoning
MP0196,sesame_oil,24,ml,fat
MP0197,white_beans,900,g,protein
MP0197,pita,5,piece,carb
MP0197,cucumber,525,g,vegetable
MP0197,spinach,375,g,vegetable
MP0197,tahini,120,g,sauce
MP0197,lemon,60,g,fruit
MP0197,garlic,20,g,seasoning
MP0197,parsley,20,g,herb
MP0197,olive_oil,30,ml,fat
MP0198,extra_firm_tofu,700,g,protein
MP0198,brown_rice,300,g,carb
MP0198,mushroom,420,g,vegetable
MP0198,zucchini,300,g,vegetable
MP0198,soy_sauce,56,ml,sauce
MP0198,garlic,16,g,seasoning
MP0198,green_onion,16,g,herb
MP0198,sesame_oil,24,ml,fat
MP0199,chicken_thigh,900,g,protein
MP0199,white_rice,450,g,carb
MP0199,cabbage,630,g,vegetable
MP0199,mushroom,450,g,vegetable
MP0199,lime,72,g,fruit
MP0199,fish_sauce,84,ml,sauce
MP0199,ginger,24,g,seasoning
MP0199,garlic,24,g,seasoning
MP0199,sesame_oil,36,ml,fat
MP0200,black_beans,720,g,protein
MP0200,rice_noodles,340,g,carb
MP0200,broccoli,420,g,vegetable
MP0200,cabbage,300,g,vegetable
MP0200,gochujang,48,g,sauce
MP0200,rice_vinegar,56,ml,pantry
MP0200,garlic,16,g,seasoning
MP0200,chili_powder,8,g,seasoning
MP0200,sesame_oil,24,ml,fat
MP0201,tempeh,700,g,protein
MP0201,white_rice,300,g,carb
MP0201,broccoli,420,g,vegetable
MP0201,bok_choy,300,g,vegetable
MP0201,teriyaki_sauce,56,ml,sauce
MP0201,garlic,16,g,seasoning
MP0201,ginger,16,g,seasoning
MP0201,sesame_oil,24,ml,fat
MP0202,ground_beef,750,g,protein
MP0202,brown_rice,375,g,carb
MP0202,green_beans,525,g,vegetable
MP0202,bell_pepper,375,g,vegetable
MP0202,peanut_butter,120,g,fat
MP0202,lime,60,g,fruit
MP0202,ginger,20,g,seasoning
MP0202,chili_powder,10,g,seasoning
MP0202,sesame_oil,30,ml,fat
MP0203,beef_sirloin,600,g,protein
MP0203,white_rice,300,g,carb
MP0203,cauliflower,420,g,vegetable
MP0203,peas,300,g,vegetable
MP0203,greek_yogurt,96,g,dairy
MP0203,tomato_sauce,140,ml,sauce
MP0203,garam_masala,8,g,seasoning
MP0203,garlic,16,g,seasoning
MP0203,olive_oil,24,ml,fat
MP0204,shrimp,900,g,protein
MP0204,white_rice,450,g,carb
MP0204,broccoli,630,g,vegetable
MP0204,bok_choy,450,g,vegetable
MP0204,teriyaki_sauce,84,ml,sauce
MP0204,garlic,24,g,seasoning
MP0204,ginger,24,g,seasoning
MP0204,sesame_oil,36,ml,fat
MP0205,pork_tenderloin,600,g,protein
MP0205,potato,840,g,carb
MP0205,cherry_tomato,420,g,vegetable
MP0205,broccoli,300,g,vegetable
MP0205,balsamic_vinegar,56,ml,pantry
MP0205,garlic,16,g,seasoning
MP0205,italian_seasoning,8,g,seasoning
MP0205,olive_oil,24,ml,fat
MP0206,egg,8,piece,protein
MP0206,white_rice,300,g,carb
MP0206,cabbage,420,g,vegetable
MP0206,broccoli,300,g,vegetable
MP0206,miso,48,g,sauce
MP0206,garlic,16,g,seasoning
MP0206,green_onion,16,g,herb
MP0206,sesame_oil,24,ml,fat
MP0207,ground_pork,750,g,protein
MP0207,white_rice,375,g,carb
MP0207,cabbage,525,g,vegetable
MP0207,broccoli,375,g,vegetable
MP0207,miso,60,g,sauce
MP0207,garlic,20,g,seasoning
MP0207,green_onion,20,g,herb
MP0207,sesame_oil,30,ml,fat
MP0208,chicken_breast,600,g,protein
MP0208,tortilla,4,piece,carb
MP0208,spinach,420,g,vegetable
MP0208,eggplant,300,g,vegetable
MP0208,tomato_sauce,280,ml,sauce
MP0208,garlic,16,g,seasoning
MP0208,parsley,16,g,herb
MP0208,olive_oil,24,ml,fat
MP0209,scallops,900,g,protein
MP0209,sweet_potato,1260,g,carb
MP0209,spinach,630,g,vegetable
MP0209,onion,450,g,vegetable
MP0209,salsa,420,g,sauce
MP0209,smoked_paprika,12,g,seasoning
MP0209,garlic,24,g,seasoning
MP0209,avocado_oil,36,ml,fat
MP0210,pork_tenderloin,600,g,protein
MP0210,quinoa,300,g,carb
MP0210,broccoli,420,g,vegetable
MP0210,spinach,300,g,vegetable
MP0210,miso,48,g,sauce
MP0210,pesto,96,g,sauce
MP0210,garlic,16,g,seasoning
MP0210,olive_oil,24,ml,fat
MP0211,chicken_thigh,600,g,protein
MP0211,potato,840,g,carb
MP0211,broccoli,420,g,vegetable
MP0211,bell_pepper,300,g,vegetable
MP0211,bbq_sauce,56,ml,sauce
MP0211,smoked_paprika,8,g,seasoning
MP0211,garlic,16,g,seasoning
MP0211,olive_oil,24,ml,fat
MP0212,ground_pork,750,g,protein
MP0212,tortilla,5,piece,carb
MP0212,broccoli,525,g,vegetable
MP0212,bell_pepper,375,g,vegetable
MP0212,bbq_sauce,70,ml,sauce
MP0212,smoked_paprika,10,g,seasoning
MP0212,garlic,20,g,seasoning
MP0212,olive_oil,30,ml,fat
MP0213,shrimp,600,g,protein
MP0213,rice_noodles,340,g,carb
MP0213,cabbage,420,g,vegetable
MP0213,broccoli,300,g,vegetable
MP0213,soy_sauce,56,ml,sauce
MP0213,ginger,16,g,seasoning
MP0213,garlic,16,g,seasoning
MP0213,sesame_oil,24,ml,fat
MP0214,edamame,1050,g,protein
MP0214,quinoa,450,g,carb
MP0214,bell_pepper,630,g,vegetable
MP0214,spinach,450,g,vegetable
MP0214,greek_yogurt,144,g,dairy
MP0214,curry_powder,12,g,seasoning
MP0214,garlic,24,g,seasoning
MP0214,olive_oil,36,ml,fat
MP0215,chickpeas,720,g,protein
MP0215,potato,840,g,carb
MP0215,broccoli,420,g,vegetable
MP0215,bell_pepper,300,g,vegetable
MP0215,bbq_sauce,56,ml,sauce
MP0215,smoked_paprika,8,g,seasoning
MP0215,garlic,16,g,seasoning
MP0215,olive_oil,24,ml,fat
MP0216,egg,8,piece,protein
MP0216,brown_rice,300,g,carb
MP0216,mushroom,420,g,vegetable
MP0216,broccoli,300,g,vegetable
MP0216,balsamic_vinegar,56,ml,pantry
MP0216,garlic,16,g,seasoning
MP0216,italian_seasoning,8,g,seasoning
MP0216,olive_oil,24,ml,fat
MP0217,egg,10,piece,protein
MP0217,sweet_potato,1050,g,carb
MP0217,mushroom,525,g,vegetable
MP0217,zucchini,375,g,vegetable
MP0217,soy_sauce,70,ml,sauce
MP0217,garlic,20,g,seasoning
MP0217,green_onion,20,g,herb
MP0217,sesame_oil,30,ml,fat
MP0218,firm_tofu,700,g,protein
MP0218,potato,840,g,carb
MP0218,tomato,420,g,vegetable
MP0218,bell_pepper,300,g,vegetable
MP0218,coconut_milk,280,ml,sauce
MP0218,turmeric,8,g,seasoning
MP0218,ginger,16,g,seasoning
MP0218,olive_oil,24,ml,fat
MP0219,brown_lentils,1080,g,protein
MP0219,potato,1260,g,carb
MP0219,carrot,630,g,vegetable
MP0219,green_beans,450,g,vegetable
MP0219,tomato_sauce,420,ml,sauce
MP0219,garlic,24,g,seasoning
MP0219,smoked_paprika,12,g,seasoning
MP0219,olive_oil,36,ml,fat
MP0220,halloumi,420,g,protein
MP0220,corn_tortilla,4,piece,carb
MP0220,mushroom,420,g,vegetable
MP0220,broccoli,300,g,vegetable
MP0220,balsamic_vinegar,56,ml,pantry
MP0220,garlic,16,g,seasoning
MP0220,italian_seasoning,8,g,seasoning
MP0220,olive_oil,24,ml,fat
MP0221,turkey_breast,600,g,protein
MP0221,brown_rice,300,g,carb
MP0221,mushroom,420,g,vegetable
MP0221,bell_pepper,300,g,vegetable
MP0221,soy_sauce,56,ml,sauce
MP0221,rice_vinegar,56,ml,pantry
MP0221,chili_powder,8,g,seasoning
MP0221,garlic,16,g,seasoning
MP0221,sesame_oil,24,ml,fat
MP0222,chicken_breast,750,g,protein
MP0222,brown_rice,375,g,carb
MP0222,carrot,525,g,vegetable
MP0222,mushroom,375,g,vegetable
MP0222,soy_sauce,70,ml,sauce
MP0222,brown_sugar,60,g,pantry
MP0222,garlic,20,g,seasoning
MP0222,ginger,20,g,seasoning
MP0222,sesame_oil,30,ml,fat
MP0223,scallops,600,g,protein
MP0223,white_rice,300,g,carb
MP0223,bok_choy,420,g,vegetable
MP0223,cabbage,300,g,vegetable
MP0223,tamari,56,ml,sauce
MP0223,ginger,16,g,seasoning
MP0223,green_onion,16,g,herb
MP0223,sesame_oil,24,ml,fat
MP0224,ground_turkey,900,g,protein
MP0224,white_rice,450,g,carb
MP0224,spinach,630,g,vegetable
MP0224,broccoli,450,g,vegetable
MP0224,doenjang,72,g,sauce
MP0224,garlic,24,g,seasoning
MP0224,green_onion,24,g,herb
MP0224,sesame_oil,36,ml,fat
MP0225,turkey_breast,600,g,protein
MP0225,white_rice,300,g,carb
MP0225,tomato,420,g,vegetable
MP0225,spinach,300,g,vegetable
MP0225,lime,48,g,fruit
MP0225,cilantro,16,g,herb
MP0225,garlic,16,g,seasoning
MP0225,avocado_oil,24,ml,fat
MP0226,ground_turkey,600,g,protein
MP0226,corn_tortilla,4,piece,carb
MP0226,spinach,420,g,vegetable
MP0226,onion,300,g,vegetable
MP0226,salsa,280,g,sauce
MP0226,smoked_paprika,8,g,seasoning
MP0226,garlic,16,g,seasoning
MP0226,avocado_oil,24,ml,fat
MP0227,chicken_thigh,750,g,protein
MP0227,rice_noodles,425,g,carb
MP0227,bok_choy,525,g,vegetable
MP0227,green_beans,375,g,vegetable
MP0227,green_curry_paste,60,g,sauce
MP0227,coconut_milk,175,ml,sauce
MP0227,ginger,20,g,seasoning
MP0227,basil,20,g,herb
MP0227,sesame_oil,30,ml,fat
MP0228,kidney_beans,720,g,protein
MP0228,potato,840,g,carb
MP0228,spinach,420,g,vegetable
MP0228,carrot,300,g,vegetable
MP0228,dijon_mustard,48,g,sauce
MP0228,honey,56,ml,pantry
MP0228,garlic,16,g,seasoning
MP0228,olive_oil,24,ml,fat
MP0229,beef_sirloin,900,g,protein
MP0229,rice_noodles,510,g,carb
MP0229,broccoli,630,g,vegetable
MP0229,carrot,450,g,vegetable
MP0229,soy_sauce,84,ml,sauce
MP0229,honey,84,ml,pantry
MP0229,chili_powder,12,g,seasoning
MP0229,garlic,24,g,seasoning
MP0229,sesame_oil,36,ml,fat
MP0230,turkey_breast,600,g,protein
MP0230,rice_noodles,340,g,carb
MP0230,mushroom,420,g,vegetable
MP0230,zucchini,300,g,vegetable
MP0230,soy_sauce,56,ml,sauce
MP0230,garlic,16,g,seasoning
MP0230,green_onion,16,g,herb
MP0230,sesame_oil,24,ml,fat
MP0231,chicken_thigh,600,g,protein
MP0231,sweet_potato,840,g,carb
MP0231,spinach,420,g,vegetable
MP0231,corn,300,g,vegetable
MP0231,salsa,280,g,sauce
MP0231,chili_powder,8,g,seasoning
MP0231,cumin,8,g,seasoning
MP0231,avocado_oil,24,ml,fat
MP0232,beef_sirloin,750,g,protein
MP0232,potato,1050,g,carb
MP0232,broccoli,525,g,vegetable
MP0232,zucchini,375,g,vegetable
MP0232,lemon,60,g,fruit
MP0232,garlic,20,g,seasoning
MP0232,basil,20,g,herb
MP0232,olive_oil,30,ml,fat
MP0233,chicken_thigh,600,g,protein
MP0233,bulgur,300,g,carb
MP0233,tomato,420,g,vegetable
MP0233,spinach,300,g,vegetable
MP0233,tahini,96,g,sauce
MP0233,lemon,48,g,fruit
MP0233,garlic,16,g,seasoning
MP0233,parsley,16,g,herb
MP0233,olive_oil,24,ml,fat
MP0234,chicken_breast,900,g,protein
MP0234,quinoa,450,g,carb
MP0234,bell_pepper,630,g,vegetable
MP0234,cabbage,450,g,vegetable
MP0234,gochujang,72,g,sauce
MP0234,lime,72,g,fruit
MP0234,garlic,24,g,seasoning
MP0234,olive_oil,36,ml,fat
MP0235,chicken_thigh,600,g,protein
MP0235,corn_tortilla,4,piece,carb
MP0235,bell_pepper,420,g,vegetable
MP0235,cucumber,300,g,vegetable
MP0235,greek_yogurt,96,g,dairy
MP0235,lemon,48,g,fruit
MP0235,mint,16,g,herb
MP0235,garlic,16,g,seasoning
MP0235,olive_oil,24,ml,fat
MP0236,white_beans,720,g,protein
MP0236,udon_noodles,340,g,carb
MP0236,mushroom,420,g,vegetable
MP0236,bell_pepper,300,g,vegetable
MP0236,soy_sauce,56,ml,sauce
MP0236,rice_vinegar,56,ml,pantry
MP0236,chili_powder,8,g,seasoning
MP0236,garlic,16,g,seasoning
MP0236,sesame_oil,24,ml,fat
MP0237,ground_beef,750,g,protein
MP0237,brown_rice,375,g,carb
MP0237,green_beans,525,g,vegetable
MP0237,bell_pepper,375,g,vegetable
MP0237,peanut_butter,120,g,fat
MP0237,lime,60,g,fruit
MP0237,ginger,20,g,seasoning
MP0237,chili_powder,10,g,seasoning
MP0237,sesame_oil,30,ml,fat
MP0238,chicken_breast,600,g,protein
MP0238,pita,4,piece,carb
MP0238,bell_pepper,420,g,vegetable
MP0238,cherry_tomato,300,g,vegetable
MP0238,greek_yogurt,96,g,dairy
MP0238,lemon,48,g,fruit
MP0238,dill,16,g,herb
MP0238,garlic,16,g,seasoning
MP0238,olive_oil,24,ml,fat
MP0239,beef_sirloin,900,g,protein
MP0239,rice_noodles,510,g,carb
MP0239,broccoli,630,g,vegetable
MP0239,bok_choy,450,g,vegetable
MP0239,teriyaki_sauce,84,ml,sauce
MP0239,garlic,24,g,seasoning
MP0239,ginger,24,g,seasoning
MP0239,sesame_oil,36,ml,fat
MP0240,pork_tenderloin,600,g,protein
MP0240,potato,840,g,carb
MP0240,cherry_tomato,420,g,vegetable
MP0240,broccoli,300,g,vegetable
MP0240,balsamic_vinegar,56,ml,pantry
MP0240,garlic,16,g,seasoning
MP0240,italian_seasoning,8,g,seasoning
MP0240,olive_oil,24,ml,fat
MP0241,chicken_thigh,600,g,protein
MP0241,rice_noodles,340,g,carb
MP0241,mushroom,420,g,vegetable
MP0241,carrot,300,g,vegetable
MP0241,honey,56,ml,pantry
MP0241,fish_sauce,56,ml,sauce
MP0241,chili_powder,8,g,seasoning
MP0241,basil,16,g,herb
MP0241,sesame_oil,24,ml,fat
MP0242,chicken_breast,750,g,protein
MP0242,quinoa,375,g,carb
MP0242,bell_pepper,525,g,vegetable
MP0242,mushroom,375,g,vegetable
MP0242,buffalo_sauce,70,ml,sauce
MP0242,garlic,20,g,seasoning
MP0242,smoked_paprika,10,g,seasoning
MP0242,olive_oil,30,ml,fat
MP0243,ground_beef,600,g,protein
MP0243,pita,4,piece,carb
MP0243,zucchini,420,g,vegetable
MP0243,bell_pepper,300,g,vegetable
MP0243,balsamic_vinegar,56,ml,pantry
MP0243,garlic,16,g,seasoning
MP0243,basil,16,g,herb
MP0243,olive_oil,24,ml,fat
MP0244,ground_pork,900,g,protein
MP0244,whole_wheat_pasta,510,g,carb
MP0244,spinach,630,g,vegetable
MP0244,carrot,450,g,vegetable
MP0244,dijon_mustard,72,g,sauce
MP0244,honey,84,ml,pantry
MP0244,garlic,24,g,seasoning
MP0244,olive_oil,36,ml,fat
MP0245,extra_firm_tofu,700,g,protein
MP0245,corn_tortilla,4,piece,carb
MP0245,bell_pepper,420,g,vegetable
MP0245,cabbage,300,g,vegetable
MP0245,gochujang,48,g,sauce
MP0245,lime,48,g,fruit
MP0245,garlic,16,g,seasoning
MP0245,olive_oil,24,ml,fat
MP0246,beef_sirloin,600,g,protein
MP0246,white_rice,300,g,carb
MP0246,peas,420,g,vegetable
MP0246,onion,300,g,vegetable
MP0246,tomato_sauce,280,ml,sauce
MP0246,garam_masala,8,g,seasoning
MP0246,ginger,16,g,seasoning
MP0246,olive_oil,24,ml,fat
MP0247,ground_turkey,750,g,protein
MP0247,rice_noodles,425,g,carb
MP0247,bok_choy,525,g,vegetable
MP0247,green_beans,375,g,vegetable
MP0247,green_curry_paste,60,g,sauce
MP0247,coconut_milk,175,ml,sauce
MP0247,ginger,20,g,seasoning
MP0247,basil,20,g,herb
MP0247,sesame_oil,30,ml,fat
MP0248,chicken_thigh,600,g,protein
MP0248,tortilla,4,piece,carb
MP0248,spinach,420,g,vegetable
MP0248,carrot,300,g,vegetable
MP0248,dijon_mustard,48,g,sauce
MP0248,honey,56,ml,pantry
MP0248,garlic,16,g,seasoning
MP0248,olive_oil,24,ml,fat
MP0249,seitan,900,g,protein
MP0249,brown_rice,450,g,carb
MP0249,mushroom,630,g,vegetable
MP0249,green_beans,450,g,vegetable
MP0249,soy_sauce,84,ml,sauce
MP0249,honey,84,ml,pantry
MP0249,ginger,24,g,seasoning
MP0249,sesame_oil,36,ml,fat
MP0250,egg,8,piece,protein
MP0250,soba_noodles,340,g,carb
MP0250,cabbage,420,g,vegetable
MP0250,broccoli,300,g,vegetable
MP0250,soy_sauce,56,ml,sauce
MP0250,ginger,16,g,seasoning
MP0250,garlic,16,g,seasoning
MP0250,sesame_oil,24,ml,fat
MP0251,edamame,700,g,protein
MP0251,brown_rice,300,g,carb
MP0251,carrot,420,g,vegetable
MP0251,mushroom,300,g,vegetable
MP0251,soy_sauce,56,ml,sauce
MP0251,brown_sugar,48,g,pantry
MP0251,garlic,16,g,seasoning
MP0251,ginger,16,g,seasoning
MP0251,sesame_oil,24,ml,fat
MP0252,tempeh,875,g,protein
MP0252,couscous,375,g,carb
MP0252,bell_pepper,525,g,vegetable
MP0252,cherry_tomato,375,g,vegetable
MP0252,greek_yogurt,120,g,dairy
MP0252,lemon,60,g,fruit
MP0252,dill,20,g,herb
MP0252,garlic,20,g,seasoning
MP0252,olive_oil,30,ml,fat
MP0253,chicken_breast,600,g,protein
MP0253,soba_noodles,340,g,carb
MP0253,broccoli,420,g,vegetable
MP0253,bok_choy,300,g,vegetable
MP0253,teriyaki_sauce,56,ml,sauce
MP0253,garlic,16,g,seasoning
MP0253,ginger,16,g,seasoning
MP0253,sesame_oil,24,ml,fat
MP0254,ground_beef,900,g,protein
MP0254,white_rice,450,g,carb
MP0254,cabbage,630,g,vegetable
MP0254,broccoli,450,g,vegetable
MP0254,miso,72,g,sauce
MP0254,garlic,24,g,seasoning
MP0254,green_onion,24,g,herb
MP0254,sesame_oil,36,ml,fat
MP0255,canned_tuna,600,g,protein
MP0255,whole_wheat_pasta,340,g,carb
MP0255,mushroom,420,g,vegetable
MP0255,eggplant,300,g,vegetable
MP0255,tomato_sauce,280,ml,sauce
MP0255,smoked_paprika,8,g,seasoning
MP0255,basil,16,g,herb
MP0255,olive_oil,24,ml,fat
MP0256,firm_tofu,700,g,protein
MP0256,rice_noodles,340,g,carb
MP0256,broccoli,420,g,vegetable
MP0256,bok_choy,300,g,vegetable
MP0256,soy_sauce,56,ml,sauce
MP0256,ginger,16,g,seasoning
MP0256,garlic,16,g,seasoning
MP0256,sesame_oil,24,ml,fat
MP0257,shrimp,750,g,protein
MP0257,tortilla,5,piece,carb
MP0257,bell_pepper,525,g,vegetable
MP0257,corn,375,g,vegetable
MP0257,salsa,350,g,sauce
MP0257,chili_powder,10,g,seasoning
MP0257,cumin,10,g,seasoning
MP0257,avocado_oil,30,ml,fat
MP0258,chicken_thigh,600,g,protein
MP0258,quinoa,300,g,carb
MP0258,cucumber,420,g,vegetable
MP0258,spinach,300,g,vegetable
MP0258,tahini,96,g,sauce
MP0258,lemon,48,g,fruit
MP0258,garlic,16,g,seasoning
MP0258,parsley,16,g,herb
MP0258,olive_oil,24,ml,fat
MP0259,egg,12,piece,protein
MP0259,pita,6,piece,carb
MP0259,corn,630,g,vegetable
MP0259,zucchini,450,g,vegetable
MP0259,lime,72,g,fruit
MP0259,chili_powder,12,g,seasoning
MP0259,cumin,12,g,seasoning
MP0259,avocado_oil,36,ml,fat
MP0260,chicken_breast,600,g,protein
MP0260,corn_tortilla,4,piece,carb
MP0260,zucchini,420,g,vegetable
MP0260,bell_pepper,300,g,vegetable
MP0260,tomato_sauce,280,ml,sauce
MP0260,chili_powder,8,g,seasoning
MP0260,cumin,8,g,seasoning
MP0260,avocado_oil,24,ml,fat
MP0261,chicken_thigh,600,g,protein
MP0261,rice_noodles,340,g,carb
MP0261,bok_choy,420,g,vegetable
MP0261,cabbage,300,g,vegetable
MP0261,tamari,56,ml,sauce
MP0261,ginger,16,g,seasoning
MP0261,green_onion,16,g,herb
MP0261,sesame_oil,24,ml,fat
MP0262,beef_sirloin,750,g,protein
MP0262,potato,1050,g,carb
MP0262,bell_pepper,525,g,vegetable
MP0262,mushroom,375,g,vegetable
MP0262,buffalo_sauce,70,ml,sauce
MP0262,garlic,20,g,seasoning
MP0262,smoked_paprika,10,g,seasoning
MP0262,olive_oil,30,ml,fat
MP0263,chicken_breast,600,g,protein
MP0263,brown_rice,300,g,carb
MP0263,green_beans,420,g,vegetable
MP0263,bell_pepper,300,g,vegetable
MP0263,peanut_butter,96,g,fat
MP0263,lime,48,g,fruit
MP0263,ginger,16,g,seasoning
MP0263,chili_powder,8,g,seasoning
MP0263,sesame_oil,24,ml,fat
MP0264,extra_firm_tofu,1050,g,protein
MP0264,white_rice,450,g,carb
MP0264,corn,630,g,vegetable
MP0264,zucchini,450,g,vegetable
MP0264,lime,72,g,fruit
MP0264,chili_powder,12,g,seasoning
MP0264,cumin,12,g,seasoning
MP0264,avocado_oil,36,ml,fat
MP0265,egg,8,piece,protein
MP0265,potato,840,g,carb
MP0265,cherry_tomato,420,g,vegetable
MP0265,broccoli,300,g,vegetable
MP0265,balsamic_vinegar,56,ml,pantry
MP0265,garlic,16,g,seasoning
MP0265,italian_seasoning,8,g,seasoning
MP0265,olive_oil,24,ml,fat
MP0266,turkey_breast,600,g,protein
MP0266,brown_rice,300,g,carb
MP0266,spinach,420,g,vegetable
MP0266,mushroom,300,g,vegetable
MP0266,bbq_sauce,56,ml,sauce
MP0266,curry_powder,8,g,seasoning
MP0266,garlic,16,g,seasoning
MP0266,olive_oil,24,ml,fat
MP0267,chicken_thigh,750,g,protein
MP0267,white_rice,375,g,carb
MP0267,cabbage,525,g,vegetable
MP0267,mushroom,375,g,vegetable
MP0267,lime,60,g,fruit
MP0267,fish_sauce,70,ml,sauce
MP0267,ginger,20,g,seasoning
MP0267,garlic,20,g,seasoning
MP0267,sesame_oil,30,ml,fat
MP0268,pork_tenderloin,600,g,protein
MP0268,rice_noodles,340,g,carb
MP0268,cabbage,420,g,vegetable
MP0268,spinach,300,g,vegetable
MP0268,gochujang,48,g,sauce
MP0268,soy_sauce,56,ml,sauce
MP0268,garlic,16,g,seasoning
MP0268,ginger,16,g,seasoning
MP0268,sesame_oil,24,ml,fat
MP0269,scallops,900,g,protein
MP0269,quinoa,450,g,carb
MP0269,spinach,630,g,vegetable
MP0269,mushroom,450,g,vegetable
MP0269,pesto,144,g,sauce
MP0269,garlic,24,g,seasoning
MP0269,basil,24,g,herb
MP0269,olive_oil,36,ml,fat
MP0270,chicken_thigh,600,g,protein
MP0270,sweet_potato,840,g,carb
MP0270,mushroom,420,g,vegetable
MP0270,cabbage,300,g,vegetable
MP0270,gochujang,48,g,sauce
MP0270,rice_vinegar,56,ml,pantry
MP0270,garlic,16,g,seasoning
MP0270,chili_powder,8,g,seasoning
MP0270,sesame_oil,24,ml,fat
MP0271,chicken_thigh,600,g,protein
MP0271,white_rice,300,g,carb
MP0271,broccoli,420,g,vegetable
MP0271,cabbage,300,g,vegetable
MP0271,gochujang,48,g,sauce
MP0271,rice_vinegar,56,ml,pantry
MP0271,garlic,16,g,seasoning
MP0271,chili_powder,8,g,seasoning
MP0271,sesame_oil,24,ml,fat
MP0272,chicken_breast,750,g,protein
MP0272,brown_rice,375,g,carb
MP0272,mushroom,525,g,vegetable
MP0272,broccoli,375,g,vegetable
MP0272,balsamic_vinegar,70,ml,pantry
MP0272,garlic,20,g,seasoning
MP0272,italian_seasoning,10,g,seasoning
MP0272,olive_oil,30,ml,fat
MP0273,chicken_thigh,600,g,protein
MP0273,couscous,300,g,carb
MP0273,eggplant,420,g,vegetable
MP0273,cucumber,300,g,vegetable
MP0273,lemon,48,g,fruit
MP0273,smoked_paprika,8,g,seasoning
MP0273,garlic,16,g,seasoning
MP0273,olive_oil,24,ml,fat
MP0274,chicken_breast,900,g,protein
MP0274,white_rice,450,g,carb
MP0274,onion,630,g,vegetable
MP0274,tomato,450,g,vegetable
MP0274,salsa,420,g,sauce
MP0274,lime,72,g,fruit
MP0274,garlic,24,g,seasoning
MP0274,cilantro,24,g,herb
MP0274,avocado_oil,36,ml,fat
MP0275,chicken_thigh,600,g,protein
MP0275,quinoa,300,g,carb
MP0275,mushroom,420,g,vegetable
MP0275,eggplant,300,g,vegetable
MP0275,tomato_sauce,280,ml,sauce
MP0275,smoked_paprika,8,g,seasoning
MP0275,basil,16,g,herb
MP0275,olive_oil,24,ml,fat
MP0276,egg,8,piece,protein
MP0276,rice_noodles,340,g,carb
MP0276,bell_pepper,420,g,vegetable
MP0276,bok_choy,300,g,vegetable
MP0276,fish_sauce,56,ml,sauce
MP0276,lime,48,g,fruit
MP0276,garlic,16,g,seasoning
MP0276,basil,16,g,herb
MP0276,sesame_oil,24,ml,fat
MP0277,ground_turkey,750,g,protein
MP0277,rice_noodles,425,g,carb
MP0277,bok_choy,525,g,vegetable
MP0277,cabbage,375,g,vegetable
MP0277,tamari,70,ml,sauce
MP0277,ginger,20,g,seasoning
MP0277,green_onion,20,g,herb
MP0277,sesame_oil,30,ml,fat
MP0278,chicken_breast,600,g,protein
MP0278,udon_noodles,340,g,carb
MP0278,bok_choy,420,g,vegetable
MP0278,cabbage,300,g,vegetable
MP0278,tamari,56,ml,sauce
MP0278,ginger,16,g,seasoning
MP0278,green_onion,16,g,herb
MP0278,sesame_oil,24,ml,fat
MP0279,black_beans,1080,g,protein
MP0279,white_rice,450,g,carb
MP0279,onion,630,g,vegetable
MP0279,tomato,450,g,vegetable
MP0279,salsa,420,g,sauce
MP0279,lime,72,g,fruit
MP0279,garlic,24,g,seasoning
MP0279,cilantro,24,g,herb
MP0279,avocado_oil,36,ml,fat
MP0280,chickpeas,720,g,protein
MP0280,whole_wheat_pasta,340,g,carb
MP0280,bell_pepper,420,g,vegetable
MP0280,mushroom,300,g,vegetable
MP0280,buffalo_sauce,56,ml,sauce
MP0280,garlic,16,g,seasoning
MP0280,smoked_paprika,8,g,seasoning
MP0280,olive_oil,24,ml,fat
MP0281,ground_beef,600,g,protein
MP0281,pita,4,piece,carb
MP0281,eggplant,420,g,vegetable
MP0281,cucumber,300,g,vegetable
MP0281,lemon,48,g,fruit
MP0281,smoked_paprika,8,g,seasoning
MP0281,garlic,16,g,seasoning
MP0281,olive_oil,24,ml,fat
MP0282,tempeh,875,g,protein
MP0282,white_rice,375,g,carb
MP0282,bell_pepper,525,g,vegetable
MP0282,bok_choy,375,g,vegetable
MP0282,fish_sauce,70,ml,sauce
MP0282,lime,60,g,fruit
MP0282,garlic,20,g,seasoning
MP0282,basil,20,g,herb
MP0282,sesame_oil,30,ml,fat
MP0283,salmon,600,g,protein
MP0283,sweet_potato,840,g,carb
MP0283,zucchini,420,g,vegetable
MP0283,carrot,300,g,vegetable
MP0283,tamari,56,ml,sauce
MP0283,ginger,16,g,seasoning
MP0283,green_onion,16,g,herb
MP0283,sesame_oil,24,ml,fat
MP0284,halloumi,630,g,protein
MP0284,tortilla,6,piece,carb
MP0284,spinach,630,g,vegetable
MP0284,carrot,450,g,vegetable
MP0284,dijon_mustard,72,g,sauce
MP0284,honey,84,ml,pantry
MP0284,garlic,24,g,seasoning
MP0284,olive_oil,36,ml,fat
MP0285,ground_pork,600,g,protein
MP0285,bulgur,300,g,carb
MP0285,spinach,420,g,vegetable
MP0285,carrot,300,g,vegetable
MP0285,tomato_sauce,280,ml,sauce
MP0285,chili_powder,8,g,seasoning
MP0285,cumin,8,g,seasoning
MP0285,olive_oil,24,ml,fat
MP0286,cod,600,g,protein
MP0286,brown_rice,300,g,carb
MP0286,carrot,420,g,vegetable
MP0286,mushroom,300,g,vegetable
MP0286,miso,48,g,sauce
MP0286,rice_vinegar,56,ml,pantry
MP0286,ginger,16,g,seasoning
MP0286,garlic,16,g,seasoning
MP0286,sesame_oil,24,ml,fat
MP0287,beef_sirloin,750,g,protein
MP0287,white_rice,375,g,carb
MP0287,cabbage,525,g,vegetable
MP0287,broccoli,375,g,vegetable
MP0287,soy_sauce,70,ml,sauce
MP0287,ginger,20,g,seasoning
MP0287,garlic,20,g,seasoning
MP0287,sesame_oil,30,ml,fat
MP0288,ground_beef,600,g,protein
MP0288,pita,4,piece,carb
MP0288,carrot,420,g,vegetable
MP0288,green_beans,300,g,vegetable
MP0288,tomato_sauce,280,ml,sauce
MP0288,garlic,16,g,seasoning
MP0288,smoked_paprika,8,g,seasoning
MP0288,olive_oil,24,ml,fat
MP0289,pork_tenderloin,900,g,protein
MP0289,white_rice,450,g,carb
MP0289,broccoli,630,g,vegetable
MP0289,cabbage,450,g,vegetable
MP0289,gochujang,72,g,sauce
MP0289,rice_vinegar,84,ml,pantry
MP0289,garlic,24,g,seasoning
MP0289,chili_powder,12,g,seasoning
MP0289,sesame_oil,36,ml,fat
MP0290,beef_sirloin,600,g,protein
MP0290,sweet_potato,840,g,carb
MP0290,bell_pepper,420,g,vegetable
MP0290,corn,300,g,vegetable
MP0290,salsa,280,g,sauce
MP0290,chili_powder,8,g,seasoning
MP0290,cumin,8,g,seasoning
MP0290,avocado_oil,24,ml,fat
MP0291,chicken_thigh,600,g,protein
MP0291,white_rice,300,g,carb
MP0291,tomato,420,g,vegetable
MP0291,bell_pepper,300,g,vegetable
MP0291,coconut_milk,280,ml,sauce
MP0291,turmeric,8,g,seasoning
MP0291,ginger,16,g,seasoning
MP0291,olive_oil,24,ml,fat
MP0292,turkey_breast,750,g,protein
MP0292,corn_tortilla,5,piece,carb
MP0292,green_beans,525,g,vegetable
MP0292,spinach,375,g,vegetable
MP0292,dijon_mustard,60,g,sauce
MP0292,garlic,20,g,seasoning
MP0292,parsley,20,g,herb
MP0292,olive_oil,30,ml,fat
MP0293,firm_tofu,700,g,protein
MP0293,potato,840,g,carb
MP0293,spinach,420,g,vegetable
MP0293,tomato,300,g,vegetable
MP0293,coconut_milk,280,ml,sauce
MP0293,curry_powder,8,g,seasoning
MP0293,turmeric,8,g,seasoning
MP0293,olive_oil,24,ml,fat
MP0294,canned_tuna,900,g,protein
MP0294,udon_noodles,510,g,carb
MP0294,bok_choy,630,g,vegetable
MP0294,cabbage,450,g,vegetable
MP0294,tamari,84,ml,sauce
MP0294,ginger,24,g,seasoning
MP0294,green_onion,24,g,herb
MP0294,sesame_oil,36,ml,fat
MP0295,salmon,600,g,protein
MP0295,udon_noodles,340,g,carb
MP0295,green_beans,420,g,vegetable
MP0295,carrot,300,g,vegetable
MP0295,rice_vinegar,56,ml,pantry
MP0295,tamari,56,ml,sauce
MP0295,ginger,16,g,seasoning
MP0295,sesame_oil,24,ml,fat
MP0296,ground_beef,600,g,protein
MP0296,rice_noodles,340,g,carb
MP0296,bok_choy,420,g,vegetable
MP0296,cabbage,300,g,vegetable
MP0296,tamari,56,ml,sauce
MP0296,ginger,16,g,seasoning
MP0296,green_onion,16,g,herb
MP0296,sesame_oil,24,ml,fat
MP0297,chicken_breast,750,g,protein
MP0297,white_rice,375,g,carb
MP0297,cabbage,525,g,vegetable
MP0297,broccoli,375,g,vegetable
MP0297,soy_sauce,70,ml,sauce
MP0297,ginger,20,g,seasoning
MP0297,garlic,20,g,seasoning
MP0297,sesame_oil,30,ml,fat
MP0298,extra_firm_tofu,700,g,protein
MP0298,quinoa,300,g,carb
MP0298,spinach,420,g,vegetable
MP0298,carrot,300,g,vegetable
MP0298,dijon_mustard,48,g,sauce
MP0298,honey,56,ml,pantry
MP0298,garlic,16,g,seasoning
MP0298,olive_oil,24,ml,fat
MP0299,brown_lentils,1080,g,protein
MP0299,brown_rice,450,g,carb
MP0299,carrot,630,g,vegetable
MP0299,cabbage,450,g,vegetable
MP0299,red_curry_paste,72,g,sauce
MP0299,coconut_milk,210,ml,sauce
MP0299,ginger,24,g,seasoning
MP0299,garlic,24,g,seasoning
MP0299,sesame_oil,36,ml,fat
MP0300,chicken_thigh,600,g,protein
MP0300,whole_wheat_pasta,340,g,carb
MP0300,spinach,420,g,vegetable
MP0300,carrot,300,g,vegetable
MP0300,dijon_mustard,48,g,sauce
MP0300,honey,56,ml,pantry
MP0300,garlic,16,g,seasoning
MP0300,olive_oil,24,ml,fat
MP0301,beef_sirloin,600,g,protein
MP0301,brown_rice,300,g,carb
MP0301,zucchini,420,g,vegetable
MP0301,bell_pepper,300,g,vegetable
MP0301,balsamic_vinegar,56,ml,pantry
MP0301,garlic,16,g,seasoning
MP0301,basil,16,g,herb
MP0301,olive_oil,24,ml,fat
MP0302,ground_pork,750,g,protein
MP0302,pita,5,piece,carb
MP0302,bell_pepper,525,g,vegetable
MP0302,cherry_tomato,375,g,vegetable
MP0302,greek_yogurt,120,g,dairy
MP0302,lemon,60,g,fruit
MP0302,dill,20,g,herb
MP0302,garlic,20,g,seasoning
MP0302,olive_oil,30,ml,fat
MP0303,pork_tenderloin,600,g,protein
MP0303,whole_wheat_pasta,340,g,carb
MP0303,spinach,420,g,vegetable
MP0303,carrot,300,g,vegetable
MP0303,dijon_mustard,48,g,sauce
MP0303,honey,56,ml,pantry
MP0303,garlic,16,g,seasoning
MP0303,olive_oil,24,ml,fat
MP0304,chicken_breast,900,g,protein
MP0304,rice_noodles,510,g,carb
MP0304,spinach,630,g,vegetable
MP0304,broccoli,450,g,vegetable
MP0304,doenjang,72,g,sauce
MP0304,garlic,24,g,seasoning
MP0304,green_onion,24,g,herb
MP0304,sesame_oil,36,ml,fat
MP0305,ground_beef,600,g,protein
MP0305,udon_noodles,340,g,carb
MP0305,bok_choy,420,g,vegetable
MP0305,cabbage,300,g,vegetable
MP0305,tamari,56,ml,sauce
MP0305,ginger,16,g,seasoning
MP0305,green_onion,16,g,herb
MP0305,sesame_oil,24,ml,fat
MP0306,chicken_thigh,600,g,protein
MP0306,white_rice,300,g,carb
MP0306,broccoli,420,g,vegetable
MP0306,bok_choy,300,g,vegetable
MP0306,teriyaki_sauce,56,ml,sauce
MP0306,garlic,16,g,seasoning
MP0306,ginger,16,g,seasoning
MP0306,sesame_oil,24,ml,fat
MP0307,egg,10,piece,protein
MP0307,white_rice,375,g,carb
MP0307,bok_choy,525,g,vegetable
MP0307,cabbage,375,g,vegetable
MP0307,tamari,70,ml,sauce
MP0307,ginger,20,g,seasoning
MP0307,green_onion,20,g,herb
MP0307,sesame_oil,30,ml,fat
MP0308,kidney_beans,720,g,protein
MP0308,rice_noodles,340,g,carb
MP0308,spinach,420,g,vegetable
MP0308,mushroom,300,g,vegetable
MP0308,bbq_sauce,56,ml,sauce
MP0308,curry_powder,8,g,seasoning
MP0308,garlic,16,g,seasoning
MP0308,olive_oil,24,ml,fat
MP0309,ground_pork,900,g,protein
MP0309,corn_tortilla,6,piece,carb
MP0309,zucchini,630,g,vegetable
MP0309,bell_pepper,450,g,vegetable
MP0309,tomato_sauce,420,ml,sauce
MP0309,chili_powder,12,g,seasoning
MP0309,cumin,12,g,seasoning
MP0309,avocado_oil,36,ml,fat
MP0310,cod,600,g,protein
MP0310,white_rice,300,g,carb
MP0310,bell_pepper,420,g,vegetable
MP0310,bok_choy,300,g,vegetable
MP0310,fish_sauce,56,ml,sauce
MP0310,lime,48,g,fruit
MP0310,garlic,16,g,seasoning
MP0310,basil,16,g,herb
MP0310,sesame_oil,24,ml,fat
MP0311,chicken_breast,600,g,protein
MP0311,potato,840,g,carb
MP0311,spinach,420,g,vegetable
MP0311,carrot,300,g,vegetable
MP0311,dijon_mustard,48,g,sauce
MP0311,honey,56,ml,pantry
MP0311,garlic,16,g,seasoning
MP0311,olive_oil,24,ml,fat
MP0312,ground_turkey,750,g,protein
MP0312,udon_noodles,425,g,carb
MP0312,bok_choy,525,g,vegetable
MP0312,green_beans,375,g,vegetable
MP0312,green_curry_paste,60,g,sauce
MP0312,coconut_milk,175,ml,sauce
MP0312,ginger,20,g,seasoning
MP0312,basil,20,g,herb
MP0312,sesame_oil,30,ml,fat
MP0313,beef_sirloin,600,g,protein
MP0313,couscous,300,g,carb
MP0313,spinach,420,g,vegetable
MP0313,eggplant,300,g,vegetable
MP0313,tomato_sauce,280,ml,sauce
MP0313,garlic,16,g,seasoning
MP0313,parsley,16,g,herb
MP0313,olive_oil,24,ml,fat
MP0314,white_beans,1080,g,protein
MP0314,whole_wheat_pasta,510,g,carb
MP0314,green_beans,630,g,vegetable
MP0314,spinach,450,g,vegetable
MP0314,dijon_mustard,72,g,sauce
MP0314,garlic,24,g,seasoning
MP0314,parsley,24,g,herb
MP0314,olive_oil,36,ml,fat
MP0315,ground_beef,600,g,protein
MP0315,brown_rice,300,g,carb
MP0315,corn,420,g,vegetable
MP0315,zucchini,300,g,vegetable
MP0315,lime,48,g,fruit
MP0315,chili_powder,8,g,seasoning
MP0315,cumin,8,g,seasoning
MP0315,avocado_oil,24,ml,fat
MP0316,turkey_breast,600,g,protein
MP0316,white_rice,300,g,carb
MP0316,broccoli,420,g,vegetable
MP0316,bok_choy,300,g,vegetable
MP0316,teriyaki_sauce,56,ml,sauce
MP0316,garlic,16,g,seasoning
MP0316,ginger,16,g,seasoning
MP0316,sesame_oil,24,ml,fat
MP0317,beef_sirloin,750,g,protein
MP0317,tortilla,5,piece,carb
MP0317,spinach,525,g,vegetable
MP0317,onion,375,g,vegetable
MP0317,salsa,350,g,sauce
MP0317,smoked_paprika,10,g,seasoning
MP0317,garlic,20,g,seasoning
MP0317,avocado_oil,30,ml,fat
MP0318,black_beans,720,g,protein
MP0318,soba_noodles,340,g,carb
MP0318,cabbage,420,g,vegetable
MP0318,broccoli,300,g,vegetable
MP0318,soy_sauce,56,ml,sauce
MP0318,ginger,16,g,seasoning
MP0318,garlic,16,g,seasoning
MP0318,sesame_oil,24,ml,fat
MP0319,chickpeas,1080,g,protein
MP0319,whole_wheat_pasta,510,g,carb
MP0319,mushroom,630,g,vegetable
MP0319,eggplant,450,g,vegetable
MP0319,tomato_sauce,420,ml,sauce
MP0319,smoked_paprika,12,g,seasoning
MP0319,basil,24,g,herb
MP0319,olive_oil,36,ml,fat
MP0320,tempeh,700,g,protein
MP0320,white_rice,300,g,carb
MP0320,cabbage,420,g,vegetable
MP0320,mushroom,300,g,vegetable
MP0320,lime,48,g,fruit
MP0320,fish_sauce,56,ml,sauce
MP0320,ginger,16,g,seasoning
MP0320,garlic,16,g,seasoning
MP0320,sesame_oil,24,ml,fat
MP0321,firm_tofu,700,g,protein
MP0321,whole_wheat_pasta,340,g,carb
MP0321,spinach,420,g,vegetable
MP0321,carrot,300,g,vegetable
MP0321,dijon_mustard,48,g,sauce
MP0321,honey,56,ml,pantry
MP0321,garlic,16,g,seasoning
MP0321,olive_oil,24,ml,fat
MP0322,ground_beef,750,g,protein
MP0322,rice_noodles,425,g,carb
MP0322,zucchini,525,g,vegetable
MP0322,bell_pepper,375,g,vegetable
MP0322,tomato_sauce,350,ml,sauce
MP0322,tamari,70,ml,sauce
MP0322,ginger,20,g,seasoning
MP0322,garlic,20,g,seasoning
MP0322,olive_oil,30,ml,fat
MP0323,pork_tenderloin,600,g,protein
MP0323,couscous,300,g,carb
MP0323,zucchini,420,g,vegetable
MP0323,bell_pepper,300,g,vegetable
MP0323,balsamic_vinegar,56,ml,pantry
MP0323,garlic,16,g,seasoning
MP0323,basil,16,g,herb
MP0323,olive_oil,24,ml,fat
MP0324,extra_firm_tofu,1050,g,protein
MP0324,rice_noodles,510,g,carb
MP0324,carrot,630,g,vegetable
MP0324,mushroom,450,g,vegetable
MP0324,oyster_sauce,84,ml,sauce
MP0324,garlic,24,g,seasoning
MP0324,ginger,24,g,seasoning
MP0324,sesame_oil,36,ml,fat
MP0325,shrimp,600,g,protein
MP0325,quinoa,300,g,carb
MP0325,peas,420,g,vegetable
MP0325,onion,300,g,vegetable
MP0325,tomato_sauce,280,ml,sauce
MP0325,garam_masala,8,g,seasoning
MP0325,ginger,16,g,seasoning
MP0325,olive_oil,24,ml,fat
MP0326,ground_pork,600,g,protein
MP0326,rice_noodles,340,g,carb
MP0326,cabbage,420,g,vegetable
MP0326,spinach,300,g,vegetable
MP0326,gochujang,48,g,sauce
MP0326,soy_sauce,56,ml,sauce
MP0326,garlic,16,g,seasoning
MP0326,ginger,16,g,seasoning
MP0326,sesame_oil,24,ml,fat
MP0327,pork_tenderloin,750,g,protein
MP0327,whole_wheat_pasta,425,g,carb
MP0327,mushroom,525,g,vegetable
MP0327,broccoli,375,g,vegetable
MP0327,balsamic_vinegar,70,ml,pantry
MP0327,garlic,20,g,seasoning
MP0327,italian_seasoning,10,g,seasoning
MP0327,olive_oil,30,ml,fat
MP0328,chicken_thigh,600,g,protein
MP0328,whole_wheat_pasta,340,g,carb
MP0328,mushroom,420,g,vegetable
MP0328,eggplant,300,g,vegetable
MP0328,tomato_sauce,280,ml,sauce
MP0328,smoked_paprika,8,g,seasoning
MP0328,basil,16,g,herb
MP0328,olive_oil,24,ml,fat
MP0329,brown_lentils,1080,g,protein
MP0329,pasta,510,g,carb
MP0329,cherry_tomato,630,g,vegetable
MP0329,broccoli,450,g,vegetable
MP0329,balsamic_vinegar,84,ml,pantry
MP0329,garlic,24,g,seasoning
MP0329,italian_seasoning,12,g,seasoning
MP0329,olive_oil,36,ml,fat
MP0330,chicken_breast,600,g,protein
MP0330,potato,840,g,carb
MP0330,spinach,420,g,vegetable
MP0330,tomato,300,g,vegetable
MP0330,coconut_milk,280,ml,sauce
MP0330,curry_powder,8,g,seasoning
MP0330,turmeric,8,g,seasoning
MP0330,olive_oil,24,ml,fat
MP0331,egg,8,piece,protein
MP0331,brown_rice,300,g,carb
MP0331,spinach,420,g,vegetable
MP0331,tomato,300,g,vegetable
MP0331,coconut_milk,280,ml,sauce
MP0331,curry_powder,8,g,seasoning
MP0331,turmeric,8,g,seasoning
MP0331,olive_oil,24,ml,fat
MP0332,egg,10,piece,protein
MP0332,sweet_potato,1050,g,carb
MP0332,zucchini,525,g,vegetable
MP0332,carrot,375,g,vegetable
MP0332,tamari,70,ml,sauce
MP0332,ginger,20,g,seasoning
MP0332,green_onion,20,g,herb
MP0332,sesame_oil,30,ml,fat
MP0333,egg,8,piece,protein
MP0333,white_rice,300,g,carb
MP0333,spinach,420,g,vegetable
MP0333,onion,300,g,vegetable
MP0333,salsa,280,g,sauce
MP0333,smoked_paprika,8,g,seasoning
MP0333,garlic,16,g,seasoning
MP0333,avocado_oil,24,ml,fat
MP0334,tempeh,1050,g,protein
MP0334,potato,1260,g,carb
MP0334,carrot,630,g,vegetable
MP0334,green_beans,450,g,vegetable
MP0334,tomato_sauce,420,ml,sauce
MP0334,garlic,24,g,seasoning
MP0334,smoked_paprika,12,g,seasoning
MP0334,olive_oil,36,ml,fat
MP0335,ground_pork,600,g,protein
MP0335,brown_rice,300,g,carb
MP0335,spinach,420,g,vegetable
MP0335,tomato,300,g,vegetable
MP0335,coconut_milk,280,ml,sauce
MP0335,curry_powder,8,g,seasoning
MP0335,turmeric,8,g,seasoning
MP0335,olive_oil,24,ml,fat
MP0336,chicken_thigh,600,g,protein
MP0336,corn_tortilla,4,piece,carb
MP0336,zucchini,420,g,vegetable
MP0336,bell_pepper,300,g,vegetable
MP0336,tomato_sauce,280,ml,sauce
MP0336,chili_powder,8,g,seasoning
MP0336,cumin,8,g,seasoning
MP0336,avocado_oil,24,ml,fat
MP0337,extra_firm_tofu,875,g,protein
MP0337,rice_noodles,425,g,carb
MP0337,cabbage,525,g,vegetable
MP0337,mushroom,375,g,vegetable
MP0337,soy_sauce,70,ml,sauce
MP0337,brown_sugar,60,g,pantry
MP0337,garlic,20,g,seasoning
MP0337,ginger,20,g,seasoning
MP0337,sesame_oil,30,ml,fat
MP0338,chicken_breast,600,g,protein
MP0338,white_rice,300,g,carb
MP0338,cabbage,420,g,vegetable
MP0338,mushroom,300,g,vegetable
MP0338,lime,48,g,fruit
MP0338,fish_sauce,56,ml,sauce
MP0338,ginger,16,g,seasoning
MP0338,garlic,16,g,seasoning
MP0338,sesame_oil,24,ml,fat
MP0339,beef_sirloin,900,g,protein
MP0339,quinoa,450,g,carb
MP0339,cauliflower,630,g,vegetable
MP0339,peas,450,g,vegetable
MP0339,greek_yogurt,144,g,dairy
MP0339,tomato_sauce,210,ml,sauce
MP0339,garam_masala,12,g,seasoning
MP0339,garlic,24,g,seasoning
MP0339,olive_oil,36,ml,fat
MP0340,kidney_beans,720,g,protein
MP0340,brown_rice,300,g,carb
MP0340,cucumber,420,g,vegetable
MP0340,spinach,300,g,vegetable
MP0340,tahini,96,g,sauce
MP0340,lemon,48,g,fruit
MP0340,garlic,16,g,seasoning
MP0340,parsley,16,g,herb
MP0340,olive_oil,24,ml,fat
MP0341,seitan,600,g,protein
MP0341,white_rice,300,g,carb
MP0341,bell_pepper,420,g,vegetable
MP0341,bok_choy,300,g,vegetable
MP0341,fish_sauce,56,ml,sauce
MP0341,lime,48,g,fruit
MP0341,garlic,16,g,seasoning
MP0341,basil,16,g,herb
MP0341,sesame_oil,24,ml,fat
MP0342,white_beans,900,g,protein
MP0342,brown_rice,375,g,carb
MP0342,mushroom,525,g,vegetable
MP0342,zucchini,375,g,vegetable
MP0342,soy_sauce,70,ml,sauce
MP0342,garlic,20,g,seasoning
MP0342,green_onion,20,g,herb
MP0342,sesame_oil,30,ml,fat
MP0343,chicken_thigh,600,g,protein
MP0343,whole_wheat_pasta,340,g,carb
MP0343,spinach,420,g,vegetable
MP0343,mushroom,300,g,vegetable
MP0343,pesto,96,g,sauce
MP0343,garlic,16,g,seasoning
MP0343,basil,16,g,herb
MP0343,olive_oil,24,ml,fat
MP0344,chicken_breast,900,g,protein
MP0344,quinoa,450,g,carb
MP0344,onion,630,g,vegetable
MP0344,cauliflower,450,g,vegetable
MP0344,tomato_sauce,420,ml,sauce
MP0344,cumin,12,g,seasoning
MP0344,garam_masala,12,g,seasoning
MP0344,olive_oil,36,ml,fat
MP0345,chicken_thigh,600,g,protein
MP0345,brown_rice,300,g,carb
MP0345,corn,420,g,vegetable
MP0345,zucchini,300,g,vegetable
MP0345,lime,48,g,fruit
MP0345,chili_powder,8,g,seasoning
MP0345,cumin,8,g,seasoning
MP0345,avocado_oil,24,ml,fat
MP0346,pork_tenderloin,600,g,protein
MP0346,whole_wheat_pasta,340,g,carb
MP0346,broccoli,420,g,vegetable
MP0346,bell_pepper,300,g,vegetable
MP0346,bbq_sauce,56,ml,sauce
MP0346,smoked_paprika,8,g,seasoning
MP0346,garlic,16,g,seasoning
MP0346,olive_oil,24,ml,fat
MP0347,extra_firm_tofu,875,g,protein
MP0347,quinoa,375,g,carb
MP0347,peas,525,g,vegetable
MP0347,onion,375,g,vegetable
MP0347,tomato_sauce,350,ml,sauce
MP0347,garam_masala,10,g,seasoning
MP0347,ginger,20,g,seasoning
MP0347,olive_oil,30,ml,fat
MP0348,egg,8,piece,protein
MP0348,tortilla,4,piece,carb
MP0348,cherry_tomato,420,g,vegetable
MP0348,zucchini,300,g,vegetable
MP0348,lemon,48,g,fruit
MP0348,garlic,16,g,seasoning
MP0348,parsley,16,g,herb
MP0348,olive_oil,24,ml,fat
MP0349,black_beans,1080,g,protein
MP0349,brown_rice,450,g,carb
MP0349,green_beans,630,g,vegetable
MP0349,spinach,450,g,vegetable
MP0349,dijon_mustard,72,g,sauce
MP0349,garlic,24,g,seasoning
MP0349,parsley,24,g,herb
MP0349,olive_oil,36,ml,fat
MP0350,chicken_breast,600,g,protein
MP0350,quinoa,300,g,carb
MP0350,bell_pepper,420,g,vegetable
MP0350,spinach,300,g,vegetable
MP0350,greek_yogurt,96,g,dairy
MP0350,curry_powder,8,g,seasoning
MP0350,garlic,16,g,seasoning
MP0350,olive_oil,24,ml,fat
MP0351,tempeh,700,g,protein
MP0351,whole_wheat_pasta,340,g,carb
MP0351,carrot,420,g,vegetable
MP0351,green_beans,300,g,vegetable
MP0351,tomato_sauce,280,ml,sauce
MP0351,garlic,16,g,seasoning
MP0351,smoked_paprika,8,g,seasoning
MP0351,olive_oil,24,ml,fat
MP0352,chicken_thigh,750,g,protein
MP0352,quinoa,375,g,carb
MP0352,spinach,525,g,vegetable
MP0352,carrot,375,g,vegetable
MP0352,dijon_mustard,60,g,sauce
MP0352,honey,70,ml,pantry
MP0352,garlic,20,g,seasoning
MP0352,olive_oil,30,ml,fat
MP0353,chicken_breast,600,g,protein
MP0353,white_rice,300,g,carb
MP0353,tomato,420,g,vegetable
MP0353,bell_pepper,300,g,vegetable
MP0353,coconut_milk,280,ml,sauce
MP0353,turmeric,8,g,seasoning
MP0353,ginger,16,g,seasoning
MP0353,olive_oil,24,ml,fat
MP0354,scallops,900,g,protein
MP0354,quinoa,450,g,carb
MP0354,cucumber,630,g,vegetable
MP0354,spinach,450,g,vegetable
MP0354,tahini,144,g,sauce
MP0354,lemon,72,g,fruit
MP0354,garlic,24,g,seasoning
MP0354,parsley,24,g,herb
MP0354,olive_oil,36,ml,fat
MP0355,ground_turkey,600,g,protein
MP0355,whole_wheat_pasta,340,g,carb
MP0355,carrot,420,g,vegetable
MP0355,green_beans,300,g,vegetable
MP0355,tomato_sauce,280,ml,sauce
MP0355,garlic,16,g,seasoning
MP0355,smoked_paprika,8,g,seasoning
MP0355,olive_oil,24,ml,fat
MP0356,chickpeas,720,g,protein
MP0356,tortilla,4,piece,carb
MP0356,spinach,420,g,vegetable
MP0356,carrot,300,g,vegetable
MP0356,dijon_mustard,48,g,sauce
MP0356,honey,56,ml,pantry
MP0356,garlic,16,g,seasoning
MP0356,olive_oil,24,ml,fat
MP0357,chicken_thigh,750,g,protein
MP0357,couscous,375,g,carb
MP0357,cherry_tomato,525,g,vegetable
MP0357,zucchini,375,g,vegetable
MP0357,lemon,60,g,fruit
MP0357,garlic,20,g,seasoning
MP0357,parsley,20,g,herb
MP0357,olive_oil,30,ml,fat
MP0358,ground_beef,600,g,protein
MP0358,whole_wheat_pasta,340,g,carb
MP0358,eggplant,420,g,vegetable
MP0358,spinach,300,g,vegetable
MP0358,greek_yogurt,96,g,dairy
MP0358,garlic,16,g,seasoning
MP0358,italian_seasoning,8,g,seasoning
MP0358,olive_oil,24,ml,fat
MP0359,turkey_breast,900,g,protein
MP0359,white_rice,450,g,carb
MP0359,cauliflower,630,g,vegetable
MP0359,peas,450,g,vegetable
MP0359,greek_yogurt,144,g,dairy
MP0359,tomato_sauce,210,ml,sauce
MP0359,garam_masala,12,g,seasoning
MP0359,garlic,24,g,seasoning
MP0359,olive_oil,36,ml,fat
MP0360,firm_tofu,700,g,protein
MP0360,rice_noodles,340,g,carb
MP0360,bok_choy,420,g,vegetable
MP0360,green_beans,300,g,vegetable
MP0360,green_curry_paste,48,g,sauce
MP0360,coconut_milk,140,ml,sauce
MP0360,ginger,16,g,seasoning
MP0360,basil,16,g,herb
MP0360,sesame_oil,24,ml,fat
MP0361,chicken_thigh,600,g,protein
MP0361,white_rice,300,g,carb
MP0361,green_beans,420,g,vegetable
MP0361,carrot,300,g,vegetable
MP0361,honey,56,ml,pantry
MP0361,fish_sauce,56,ml,sauce
MP0361,chili_powder,8,g,seasoning
MP0361,basil,16,g,herb
MP0361,sesame_oil,24,ml,fat
MP0362,beef_sirloin,750,g,protein
MP0362,soba_noodles,425,g,carb
MP0362,green_beans,525,g,vegetable
MP0362,bell_pepper,375,g,vegetable
MP0362,peanut_butter,120,g,fat
MP0362,lime,60,g,fruit
MP0362,ginger,20,g,seasoning
MP0362,chili_powder,10,g,seasoning
MP0362,sesame_oil,30,ml,fat
MP0363,egg,8,piece,protein
MP0363,sweet_potato,840,g,carb
MP0363,carrot,420,g,vegetable
MP0363,mushroom,300,g,vegetable
MP0363,soy_sauce,56,ml,sauce
MP0363,brown_sugar,48,g,pantry
MP0363,garlic,16,g,seasoning
MP0363,ginger,16,g,seasoning
MP0363,sesame_oil,24,ml,fat
MP0364,ground_beef,900,g,protein
MP0364,udon_noodles,510,g,carb
MP0364,mushroom,630,g,vegetable
MP0364,bell_pepper,450,g,vegetable
MP0364,soy_sauce,84,ml,sauce
MP0364,rice_vinegar,84,ml,pantry
MP0364,chili_powder,12,g,seasoning
MP0364,garlic,24,g,seasoning
MP0364,sesame_oil,36,ml,fat
MP0365,extra_firm_tofu,700,g,protein
MP0365,brown_rice,300,g,carb
MP0365,tomato,420,g,vegetable
MP0365,bell_pepper,300,g,vegetable
MP0365,coconut_milk,280,ml,sauce
MP0365,turmeric,8,g,seasoning
MP0365,ginger,16,g,seasoning
MP0365,olive_oil,24,ml,fat
MP0366,canned_tuna,600,g,protein
MP0366,brown_rice,300,g,carb
MP0366,carrot,420,g,vegetable
MP0366,mushroom,300,g,vegetable
MP0366,oyster_sauce,56,ml,sauce
MP0366,garlic,16,g,seasoning
MP0366,ginger,16,g,seasoning
MP0366,sesame_oil,24,ml,fat
MP0367,chicken_thigh,750,g,protein
MP0367,rice_noodles,425,g,carb
MP0367,cabbage,525,g,vegetable
MP0367,spinach,375,g,vegetable
MP0367,gochujang,60,g,sauce
MP0367,soy_sauce,70,ml,sauce
MP0367,garlic,20,g,seasoning
MP0367,ginger,20,g,seasoning
MP0367,sesame_oil,30,ml,fat
MP0368,chicken_breast,600,g,protein
MP0368,tortilla,4,piece,carb
MP0368,cherry_tomato,420,g,vegetable
MP0368,zucchini,300,g,vegetable
MP0368,lemon,48,g,fruit
MP0368,garlic,16,g,seasoning
MP0368,parsley,16,g,herb
MP0368,olive_oil,24,ml,fat
MP0369,ground_pork,900,g,protein
MP0369,corn_tortilla,6,piece,carb
MP0369,bell_pepper,630,g,vegetable
MP0369,cucumber,450,g,vegetable
MP0369,greek_yogurt,144,g,dairy
MP0369,lemon,72,g,fruit
MP0369,mint,24,g,herb
MP0369,garlic,24,g,seasoning
MP0369,olive_oil,36,ml,fat
MP0370,egg,8,piece,protein
MP0370,brown_rice,300,g,carb
MP0370,spinach,420,g,vegetable
MP0370,carrot,300,g,vegetable
MP0370,dijon_mustard,48,g,sauce
MP0370,honey,56,ml,pantry
MP0370,garlic,16,g,seasoning
MP0370,olive_oil,24,ml,fat
MP0371,tempeh,700,g,protein
MP0371,brown_rice,300,g,carb
MP0371,corn,420,g,vegetable
MP0371,zucchini,300,g,vegetable
MP0371,lime,48,g,fruit
MP0371,chili_powder,8,g,seasoning
MP0371,cumin,8,g,seasoning
MP0371,avocado_oil,24,ml,fat
MP0372,brown_lentils,900,g,protein
MP0372,couscous,375,g,carb
MP0372,bell_pepper,525,g,vegetable
MP0372,cherry_tomato,375,g,vegetable
MP0372,greek_yogurt,120,g,dairy
MP0372,lemon,60,g,fruit
MP0372,dill,20,g,herb
MP0372,garlic,20,g,seasoning
MP0372,olive_oil,30,ml,fat
MP0373,ground_turkey,600,g,protein
MP0373,white_rice,300,g,carb
MP0373,tomato,420,g,vegetable
MP0373,spinach,300,g,vegetable
MP0373,lime,48,g,fruit
MP0373,cilantro,16,g,herb
MP0373,garlic,16,g,seasoning
MP0373,avocado_oil,24,ml,fat
MP0374,kidney_beans,1080,g,protein
MP0374,sweet_potato,1260,g,carb
MP0374,onion,630,g,vegetable
MP0374,tomato,450,g,vegetable
MP0374,salsa,420,g,sauce
MP0374,lime,72,g,fruit
MP0374,garlic,24,g,seasoning
MP0374,cilantro,24,g,herb
MP0374,avocado_oil,36,ml,fat
MP0375,pork_tenderloin,600,g,protein
MP0375,brown_rice,300,g,carb
MP0375,carrot,420,g,vegetable
MP0375,tomato,300,g,vegetable
MP0375,lemon,48,g,fruit
MP0375,smoked_paprika,8,g,seasoning
MP0375,parsley,16,g,herb
MP0375,olive_oil,24,ml,fat
MP0376,beef_sirloin,600,g,protein
MP0376,corn_tortilla,4,piece,carb
MP0376,bell_pepper,420,g,vegetable
MP0376,cucumber,300,g,vegetable
MP0376,greek_yogurt,96,g,dairy
MP0376,lemon,48,g,fruit
MP0376,mint,16,g,herb
MP0376,garlic,16,g,seasoning
MP0376,olive_oil,24,ml,fat
MP0377,turkey_breast,750,g,protein
MP0377,white_rice,375,g,carb
MP0377,bok_choy,525,g,vegetable
MP0377,cabbage,375,g,vegetable
MP0377,tamari,70,ml,sauce
MP0377,ginger,20,g,seasoning
MP0377,green_onion,20,g,herb
MP0377,sesame_oil,30,ml,fat
MP0378,ground_pork,600,g,protein
MP0378,whole_wheat_pasta,340,g,carb
MP0378,mushroom,420,g,vegetable
MP0378,eggplant,300,g,vegetable
MP0378,tomato_sauce,280,ml,sauce
MP0378,smoked_paprika,8,g,seasoning
MP0378,basil,16,g,herb
MP0378,olive_oil,24,ml,fat
MP0379,shrimp,900,g,protein
MP0379,pasta,510,g,carb
MP0379,broccoli,630,g,vegetable
MP0379,zucchini,450,g,vegetable
MP0379,lemon,72,g,fruit
MP0379,garlic,24,g,seasoning
MP0379,basil,24,g,herb
MP0379,olive_oil,36,ml,fat
MP0380,egg,8,piece,protein
MP0380,udon_noodles,340,g,carb
MP0380,green_beans,420,g,vegetable
MP0380,carrot,300,g,vegetable
MP0380,rice_vinegar,56,ml,pantry
MP0380,tamari,56,ml,sauce
MP0380,ginger,16,g,seasoning
MP0380,sesame_oil,24,ml,fat
MP0381,chicken_thigh,600,g,protein
MP0381,pasta,340,g,carb
MP0381,broccoli,420,g,vegetable
MP0381,zucchini,300,g,vegetable
MP0381,lemon,48,g,fruit
MP0381,garlic,16,g,seasoning
MP0381,basil,16,g,herb
MP0381,olive_oil,24,ml,fat
MP0382,egg,10,piece,protein
MP0382,brown_rice,375,g,carb
MP0382,onion,525,g,vegetable
MP0382,tomato,375,g,vegetable
MP0382,salsa,350,g,sauce
MP0382,lime,60,g,fruit
MP0382,garlic,20,g,seasoning
MP0382,cilantro,20,g,herb
MP0382,avocado_oil,30,ml,fat
MP0383,salmon,600,g,protein
MP0383,sweet_potato,840,g,carb
MP0383,spinach,420,g,vegetable
MP0383,carrot,300,g,vegetable
MP0383,dijon_mustard,48,g,sauce
MP0383,honey,56,ml,pantry
MP0383,garlic,16,g,seasoning
MP0383,olive_oil,24,ml,fat
MP0384,scallops,900,g,protein
MP0384,soba_noodles,510,g,carb
MP0384,bok_choy,630,g,vegetable
MP0384,cabbage,450,g,vegetable
MP0384,tamari,84,ml,sauce
MP0384,ginger,24,g,seasoning
MP0384,green_onion,24,g,herb
MP0384,sesame_oil,36,ml,fat
MP0385,pork_tenderloin,600,g,protein
MP0385,white_rice,300,g,carb
MP0385,cabbage,420,g,vegetable
MP0385,spinach,300,g,vegetable
MP0385,gochujang,48,g,sauce
MP0385,soy_sauce,56,ml,sauce
MP0385,garlic,16,g,seasoning
MP0385,ginger,16,g,seasoning
MP0385,sesame_oil,24,ml,fat
MP0386,chicken_breast,600,g,protein
MP0386,corn_tortilla,4,piece,carb
MP0386,cucumber,420,g,vegetable
MP0386,spinach,300,g,vegetable
MP0386,tahini,96,g,sauce
MP0386,lemon,48,g,fruit
MP0386,garlic,16,g,seasoning
MP0386,parsley,16,g,herb
MP0386,olive_oil,24,ml,fat
MP0387,ground_turkey,750,g,protein
MP0387,quinoa,375,g,carb
MP0387,bell_pepper,525,g,vegetable
MP0387,spinach,375,g,vegetable
MP0387,greek_yogurt,120,g,dairy
MP0387,curry_powder,10,g,seasoning
MP0387,garlic,20,g,seasoning
MP0387,olive_oil,30,ml,fat
MP0388,white_beans,720,g,protein
MP0388,tortilla,4,piece,carb
MP0388,spinach,420,g,vegetable
MP0388,eggplant,300,g,vegetable
MP0388,tomato_sauce,280,ml,sauce
MP0388,garlic,16,g,seasoning
MP0388,parsley,16,g,herb
MP0388,olive_oil,24,ml,fat
MP0389,chicken_thigh,900,g,protein
MP0389,rice_noodles,510,g,carb
MP0389,bok_choy,630,g,vegetable
MP0389,green_beans,450,g,vegetable
MP0389,green_curry_paste,72,g,sauce
MP0389,coconut_milk,210,ml,sauce
MP0389,ginger,24,g,seasoning
MP0389,basil,24,g,herb
MP0389,sesame_oil,36,ml,fat
MP0390,cod,600,g,protein
MP0390,tortilla,4,piece,carb
MP0390,tomato,420,g,vegetable
MP0390,spinach,300,g,vegetable
MP0390,lime,48,g,fruit
MP0390,cilantro,16,g,herb
MP0390,garlic,16,g,seasoning
MP0390,avocado_oil,24,ml,fat
MP0391,shrimp,600,g,protein
MP0391,white_rice,300,g,carb
MP0391,tomato,420,g,vegetable
MP0391,spinach,300,g,vegetable
MP0391,lime,48,g,fruit
MP0391,cilantro,16,g,herb
MP0391,garlic,16,g,seasoning
MP0391,avocado_oil,24,ml,fat
MP0392,chicken_breast,750,g,protein
MP0392,whole_wheat_pasta,425,g,carb
MP0392,bell_pepper,525,g,vegetable
MP0392,mushroom,375,g,vegetable
MP0392,buffalo_sauce,70,ml,sauce
MP0392,garlic,20,g,seasoning
MP0392,smoked_paprika,10,g,seasoning
MP0392,olive_oil,30,ml,fat
MP0393,ground_beef,600,g,protein
MP0393,whole_wheat_pasta,340,g,carb
MP0393,spinach,420,g,vegetable
MP0393,carrot,300,g,vegetable
MP0393,dijon_mustard,48,g,sauce
MP0393,honey,56,ml,pantry
MP0393,garlic,16,g,seasoning
MP0393,olive_oil,24,ml,fat
MP0394,canned_tuna,900,g,protein
MP0394,sweet_potato,1260,g,carb
MP0394,mushroom,630,g,vegetable
MP0394,zucchini,450,g,vegetable
MP0394,soy_sauce,84,ml,sauce
MP0394,garlic,24,g,seasoning
MP0394,green_onion,24,g,herb
MP0394,sesame_oil,36,ml,fat
MP0395,firm_tofu,700,g,protein
MP0395,sweet_potato,840,g,carb
MP0395,tomato,420,g,vegetable
MP0395,spinach,300,g,vegetable
MP0395,lime,48,g,fruit
MP0395,cilantro,16,g,herb
MP0395,garlic,16,g,seasoning
MP0395,avocado_oil,24,ml,fat
MP0396,extra_firm_tofu,700,g,protein
MP0396,white_rice,300,g,carb
MP0396,cabbage,420,g,vegetable
MP0396,broccoli,300,g,vegetable
MP0396,soy_sauce,56,ml,sauce
MP0396,ginger,16,g,seasoning
MP0396,garlic,16,g,seasoning
MP0396,sesame_oil,24,ml,fat
MP0397,turkey_breast,750,g,protein
MP0397,couscous,375,g,carb
MP0397,eggplant,525,g,vegetable
MP0397,cucumber,375,g,vegetable
MP0397,lemon,60,g,fruit
MP0397,smoked_paprika,10,g,seasoning
MP0397,garlic,20,g,seasoning
MP0397,olive_oil,30,ml,fat
MP0398,chicken_thigh,600,g,protein
MP0398,potato,840,g,carb
MP0398,broccoli,420,g,vegetable
MP0398,zucchini,300,g,vegetable
MP0398,lemon,48,g,fruit
MP0398,garlic,16,g,seasoning
MP0398,basil,16,g,herb
MP0398,olive_oil,24,ml,fat
MP0399,scallops,900,g,protein
MP0399,white_rice,450,g,carb
MP0399,broccoli,630,g,vegetable
MP0399,bok_choy,450,g,vegetable
MP0399,teriyaki_sauce,84,ml,sauce
MP0399,garlic,24,g,seasoning
MP0399,ginger,24,g,seasoning
MP0399,sesame_oil,36,ml,fat
MP0400,tempeh,700,g,protein
MP0400,brown_rice,300,g,carb
MP0400,mushroom,420,g,vegetable
MP0400,zucchini,300,g,vegetable
MP0400,soy_sauce,56,ml,sauce
MP0400,garlic,16,g,seasoning
MP0400,green_onion,16,g,herb
MP0400,sesame_oil,24,ml,fat
MP0401,black_beans,720,g,protein
MP0401,whole_wheat_pasta,340,g,carb
MP0401,mushroom,420,g,vegetable
MP0401,eggplant,300,g,vegetable
MP0401,tomato_sauce,280,ml,sauce
MP0401,smoked_paprika,8,g,seasoning
MP0401,basil,16,g,herb
MP0401,olive_oil,24,ml,fat
MP0402,firm_tofu,875,g,protein
MP0402,white_rice,375,g,carb
MP0402,spinach,525,g,vegetable
MP0402,onion,375,g,vegetable
MP0402,salsa,350,g,sauce
MP0402,smoked_paprika,10,g,seasoning
MP0402,garlic,20,g,seasoning
MP0402,avocado_oil,30,ml,fat
MP0403,ground_turkey,600,g,protein
MP0403,udon_noodles,340,g,carb
MP0403,green_beans,420,g,vegetable
MP0403,carrot,300,g,vegetable
MP0403,rice_vinegar,56,ml,pantry
MP0403,tamari,56,ml,sauce
MP0403,ginger,16,g,seasoning
MP0403,sesame_oil,24,ml,fat
MP0404,chicken_thigh,900,g,protein
MP0404,tortilla,6,piece,carb
MP0404,tomato,630,g,vegetable
MP0404,bell_pepper,450,g,vegetable
MP0404,tomato_sauce,420,ml,sauce
MP0404,chili_powder,12,g,seasoning
MP0404,cumin,12,g,seasoning
MP0404,avocado_oil,36,ml,fat
MP0405,extra_firm_tofu,700,g,protein
MP0405,rice_noodles,340,g,carb
MP0405,mushroom,420,g,vegetable
MP0405,zucchini,300,g,vegetable
MP0405,soy_sauce,56,ml,sauce
MP0405,garlic,16,g,seasoning
MP0405,green_onion,16,g,herb
MP0405,sesame_oil,24,ml,fat
MP0406,turkey_breast,600,g,protein
MP0406,rice_noodles,340,g,carb
MP0406,broccoli,420,g,vegetable
MP0406,bok_choy,300,g,vegetable
MP0406,soy_sauce,56,ml,sauce
MP0406,ginger,16,g,seasoning
MP0406,garlic,16,g,seasoning
MP0406,sesame_oil,24,ml,fat
MP0407,chicken_thigh,750,g,protein
MP0407,brown_rice,375,g,carb
MP0407,bell_pepper,525,g,vegetable
MP0407,corn,375,g,vegetable
MP0407,salsa,350,g,sauce
MP0407,chili_powder,10,g,seasoning
MP0407,cumin,10,g,seasoning
MP0407,avocado_oil,30,ml,fat
MP0408,tempeh,700,g,protein
MP0408,bulgur,300,g,carb
MP0408,eggplant,420,g,vegetable
MP0408,bell_pepper,300,g,vegetable
MP0408,greek_yogurt,96,g,dairy
MP0408,cumin,8,g,seasoning
MP0408,smoked_paprika,8,g,seasoning
MP0408,olive_oil,24,ml,fat
MP0409,egg,12,piece,protein
MP0409,quinoa,450,g,carb
MP0409,zucchini,630,g,vegetable
MP0409,bell_pepper,450,g,vegetable
MP0409,balsamic_vinegar,84,ml,pantry
MP0409,garlic,24,g,seasoning
MP0409,basil,24,g,herb
MP0409,olive_oil,36,ml,fat
MP0410,chickpeas,720,g,protein
MP0410,couscous,300,g,carb
MP0410,zucchini,420,g,vegetable
MP0410,bell_pepper,300,g,vegetable
MP0410,balsamic_vinegar,56,ml,pantry
MP0410,garlic,16,g,seasoning
MP0410,basil,16,g,herb
MP0410,olive_oil,24,ml,fat
MP0411,firm_tofu,700,g,protein
MP0411,pasta,340,g,carb
MP0411,broccoli,420,g,vegetable
MP0411,zucchini,300,g,vegetable
MP0411,lemon,48,g,fruit
MP0411,garlic,16,g,seasoning
MP0411,basil,16,g,herb
MP0411,olive_oil,24,ml,fat
MP0412,kidney_beans,900,g,protein
MP0412,udon_noodles,425,g,carb
MP0412,bok_choy,525,g,vegetable
MP0412,mushroom,375,g,vegetable
MP0412,lime,60,g,fruit
MP0412,fish_sauce,70,ml,sauce
MP0412,ginger,20,g,seasoning
MP0412,garlic,20,g,seasoning
MP0412,sesame_oil,30,ml,fat
MP0413,extra_firm_tofu,700,g,protein
MP0413,rice_noodles,340,g,carb
MP0413,cabbage,420,g,vegetable
MP0413,spinach,300,g,vegetable
MP0413,gochujang,48,g,sauce
MP0413,soy_sauce,56,ml,sauce
MP0413,garlic,16,g,seasoning
MP0413,ginger,16,g,seasoning
MP0413,sesame_oil,24,ml,fat
MP0414,tempeh,1050,g,protein
MP0414,pita,6,piece,carb
MP0414,eggplant,630,g,vegetable
MP0414,cucumber,450,g,vegetable
MP0414,lemon,72,g,fruit
MP0414,smoked_paprika,12,g,seasoning
MP0414,garlic,24,g,seasoning
MP0414,olive_oil,36,ml,fat
MP0415,egg,8,piece,protein
MP0415,brown_rice,300,g,carb
MP0415,carrot,420,g,vegetable
MP0415,mushroom,300,g,vegetable
MP0415,oyster_sauce,56,ml,sauce
MP0415,garlic,16,g,seasoning
MP0415,ginger,16,g,seasoning
MP0415,sesame_oil,24,ml,fat
MP0416,chicken_breast,600,g,protein
MP0416,brown_rice,300,g,carb
MP0416,zucchini,420,g,vegetable
MP0416,bell_pepper,300,g,vegetable
MP0416,tomato_sauce,280,ml,sauce
MP0416,chili_powder,8,g,seasoning
MP0416,cumin,8,g,seasoning
MP0416,avocado_oil,24,ml,fat
MP0417,chicken_thigh,750,g,protein
MP0417,brown_rice,375,g,carb
MP0417,bell_pepper,525,g,vegetable
MP0417,corn,375,g,vegetable
MP0417,salsa,350,g,sauce
MP0417,chili_powder,10,g,seasoning
MP0417,cumin,10,g,seasoning
MP0417,avocado_oil,30,ml,fat
MP0418,beef_sirloin,600,g,protein
MP0418,white_rice,300,g,carb
MP0418,spinach,420,g,vegetable
MP0418,onion,300,g,vegetable
MP0418,salsa,280,g,sauce
MP0418,smoked_paprika,8,g,seasoning
MP0418,garlic,16,g,seasoning
MP0418,avocado_oil,24,ml,fat
MP0419,kidney_beans,1080,g,protein
MP0419,quinoa,450,g,carb
MP0419,carrot,630,g,vegetable
MP0419,tomato,450,g,vegetable
MP0419,lemon,72,g,fruit
MP0419,smoked_paprika,12,g,seasoning
MP0419,parsley,24,g,herb
MP0419,olive_oil,36,ml,fat
MP0420,chicken_breast,600,g,protein
MP0420,white_rice,300,g,carb
MP0420,bok_choy,420,g,vegetable
MP0420,cabbage,300,g,vegetable
MP0420,tamari,56,ml,sauce
MP0420,ginger,16,g,seasoning
MP0420,green_onion,16,g,herb
MP0420,sesame_oil,24,ml,fat
MP0421,edamame,700,g,protein
MP0421,potato,840,g,carb
MP0421,tomato,420,g,vegetable
MP0421,bell_pepper,300,g,vegetable
MP0421,coconut_milk,280,ml,sauce
MP0421,turmeric,8,g,seasoning
MP0421,ginger,16,g,seasoning
MP0421,olive_oil,24,ml,fat
MP0422,ground_beef,750,g,protein
MP0422,potato,1050,g,carb
MP0422,broccoli,525,g,vegetable
MP0422,zucchini,375,g,vegetable
MP0422,lemon,60,g,fruit
MP0422,garlic,20,g,seasoning
MP0422,basil,20,g,herb
MP0422,olive_oil,30,ml,fat
MP0423,salmon,600,g,protein
MP0423,pasta,340,g,carb
MP0423,broccoli,420,g,vegetable
MP0423,zucchini,300,g,vegetable
MP0423,lemon,48,g,fruit
MP0423,garlic,16,g,seasoning
MP0423,basil,16,g,herb
MP0423,olive_oil,24,ml,fat
MP0424,white_beans,1080,g,protein
MP0424,pita,6,piece,carb
MP0424,eggplant,630,g,vegetable
MP0424,cucumber,450,g,vegetable
MP0424,lemon,72,g,fruit
MP0424,smoked_paprika,12,g,seasoning
MP0424,garlic,24,g,seasoning
MP0424,olive_oil,36,ml,fat
MP0425,firm_tofu,700,g,protein
MP0425,udon_noodles,340,g,carb
MP0425,bok_choy,420,g,vegetable
MP0425,green_beans,300,g,vegetable
MP0425,green_curry_paste,48,g,sauce
MP0425,coconut_milk,140,ml,sauce
MP0425,ginger,16,g,seasoning
MP0425,basil,16,g,herb
MP0425,sesame_oil,24,ml,fat
MP0426,beef_sirloin,600,g,protein
MP0426,rice_noodles,340,g,carb
MP0426,spinach,420,g,vegetable
MP0426,mushroom,300,g,vegetable
MP0426,bbq_sauce,56,ml,sauce
MP0426,curry_powder,8,g,seasoning
MP0426,garlic,16,g,seasoning
MP0426,olive_oil,24,ml,fat
MP0427,chicken_breast,750,g,protein
MP0427,whole_wheat_pasta,425,g,carb
MP0427,eggplant,525,g,vegetable
MP0427,cherry_tomato,375,g,vegetable
MP0427,tomato_sauce,350,ml,sauce
MP0427,garlic,20,g,seasoning
MP0427,italian_seasoning,10,g,seasoning
MP0427,olive_oil,30,ml,fat
MP0428,chicken_thigh,600,g,protein
MP0428,white_rice,300,g,carb
MP0428,broccoli,420,g,vegetable
MP0428,carrot,300,g,vegetable
MP0428,soy_sauce,56,ml,sauce
MP0428,honey,56,ml,pantry
MP0428,chili_powder,8,g,seasoning
MP0428,garlic,16,g,seasoning
MP0428,sesame_oil,24,ml,fat
MP0429,ground_beef,900,g,protein
MP0429,potato,1260,g,carb
MP0429,mushroom,630,g,vegetable
MP0429,broccoli,450,g,vegetable
MP0429,balsamic_vinegar,84,ml,pantry
MP0429,garlic,24,g,seasoning
MP0429,italian_seasoning,12,g,seasoning
MP0429,olive_oil,36,ml,fat
MP0430,black_beans,720,g,protein
MP0430,rice_noodles,340,g,carb
MP0430,spinach,420,g,vegetable
MP0430,broccoli,300,g,vegetable
MP0430,doenjang,48,g,sauce
MP0430,garlic,16,g,seasoning
MP0430,green_onion,16,g,herb
MP0430,sesame_oil,24,ml,fat
MP0431,chicken_thigh,600,g,protein
MP0431,corn_tortilla,4,piece,carb
MP0431,tomato,420,g,vegetable
MP0431,spinach,300,g,vegetable
MP0431,lime,48,g,fruit
MP0431,cilantro,16,g,herb
MP0431,garlic,16,g,seasoning
MP0431,avocado_oil,24,ml,fat
MP0432,chicken_breast,750,g,protein
MP0432,brown_rice,375,g,carb
MP0432,bell_pepper,525,g,vegetable
MP0432,spinach,375,g,vegetable
MP0432,greek_yogurt,120,g,dairy
MP0432,curry_powder,10,g,seasoning
MP0432,garlic,20,g,seasoning
MP0432,olive_oil,30,ml,fat
MP0433,ground_pork,600,g,protein
MP0433,white_rice,300,g,carb
MP0433,onion,420,g,vegetable
MP0433,cauliflower,300,g,vegetable
MP0433,tomato_sauce,280,ml,sauce
MP0433,cumin,8,g,seasoning
MP0433,garam_masala,8,g,seasoning
MP0433,olive_oil,24,ml,fat
MP0434,beef_sirloin,900,g,protein
MP0434,quinoa,450,g,carb
MP0434,eggplant,630,g,vegetable
MP0434,spinach,450,g,vegetable
MP0434,greek_yogurt,144,g,dairy
MP0434,garlic,24,g,seasoning
MP0434,italian_seasoning,12,g,seasoning
MP0434,olive_oil,36,ml,fat
MP0435,ground_beef,600,g,protein
MP0435,udon_noodles,340,g,carb
MP0435,carrot,420,g,vegetable
MP0435,mushroom,300,g,vegetable
MP0435,miso,48,g,sauce
MP0435,rice_vinegar,56,ml,pantry
MP0435,ginger,16,g,seasoning
MP0435,garlic,16,g,seasoning
MP0435,sesame_oil,24,ml,fat
MP0436,chicken_thigh,600,g,protein
MP0436,brown_rice,300,g,carb
MP0436,green_beans,420,g,vegetable
MP0436,carrot,300,g,vegetable
MP0436,rice_vinegar,56,ml,pantry
MP0436,tamari,56,ml,sauce
MP0436,ginger,16,g,seasoning
MP0436,sesame_oil,24,ml,fat
MP0437,extra_firm_tofu,875,g,protein
MP0437,quinoa,375,g,carb
MP0437,onion,525,g,vegetable
MP0437,cauliflower,375,g,vegetable
MP0437,tomato_sauce,350,ml,sauce
MP0437,cumin,10,g,seasoning
MP0437,garam_masala,10,g,seasoning
MP0437,olive_oil,30,ml,fat
MP0438,halloumi,420,g,protein
MP0438,udon_noodles,340,g,carb
MP0438,bell_pepper,420,g,vegetable
MP0438,carrot,300,g,vegetable
MP0438,soy_sauce,56,ml,sauce
MP0438,honey,56,ml,pantry
MP0438,chili_powder,8,g,seasoning
MP0438,garlic,16,g,seasoning
MP0438,sesame_oil,24,ml,fat
MP0439,tempeh,1050,g,protein
MP0439,quinoa,450,g,carb
MP0439,cucumber,630,g,vegetable
MP0439,spinach,450,g,vegetable
MP0439,tahini,144,g,sauce
MP0439,lemon,72,g,fruit
MP0439,garlic,24,g,seasoning
MP0439,parsley,24,g,herb
MP0439,olive_oil,36,ml,fat
MP0440,shrimp,600,g,protein
MP0440,quinoa,300,g,carb
MP0440,spinach,420,g,vegetable
MP0440,mushroom,300,g,vegetable
MP0440,bbq_sauce,56,ml,sauce
MP0440,curry_powder,8,g,seasoning
MP0440,garlic,16,g,seasoning
MP0440,olive_oil,24,ml,fat
MP0441,beef_sirloin,600,g,protein
MP0441,quinoa,300,g,carb
MP0441,spinach,420,g,vegetable
MP0441,mushroom,300,g,vegetable
MP0441,pesto,96,g,sauce
MP0441,garlic,16,g,seasoning
MP0441,basil,16,g,herb
MP0441,olive_oil,24,ml,fat
MP0442,firm_tofu,875,g,protein
MP0442,white_rice,375,g,carb
MP0442,onion,525,g,vegetable
MP0442,cauliflower,375,g,vegetable
MP0442,tomato_sauce,350,ml,sauce
MP0442,cumin,10,g,seasoning
MP0442,garam_masala,10,g,seasoning
MP0442,olive_oil,30,ml,fat
MP0443,chickpeas,720,g,protein
MP0443,white_rice,300,g,carb
MP0443,broccoli,420,g,vegetable
MP0443,cabbage,300,g,vegetable
MP0443,gochujang,48,g,sauce
MP0443,rice_vinegar,56,ml,pantry
MP0443,garlic,16,g,seasoning
MP0443,chili_powder,8,g,seasoning
MP0443,sesame_oil,24,ml,fat
MP0444,chicken_thigh,900,g,protein
MP0444,bulgur,450,g,carb
MP0444,cucumber,630,g,vegetable
MP0444,bell_pepper,450,g,vegetable
MP0444,balsamic_vinegar,84,ml,pantry
MP0444,garlic,24,g,seasoning
MP0444,basil,24,g,herb
MP0444,olive_oil,36,ml,fat
MP0445,chicken_thigh,600,g,protein
MP0445,pasta,340,g,carb
MP0445,bell_pepper,420,g,vegetable
MP0445,mushroom,300,g,vegetable
MP0445,buffalo_sauce,56,ml,sauce
MP0445,garlic,16,g,seasoning
MP0445,smoked_paprika,8,g,seasoning
MP0445,olive_oil,24,ml,fat
MP0446,ground_beef,600,g,protein
MP0446,brown_rice,300,g,carb
MP0446,zucchini,420,g,vegetable
MP0446,bell_pepper,300,g,vegetable
MP0446,tomato_sauce,280,ml,sauce
MP0446,chili_powder,8,g,seasoning
MP0446,cumin,8,g,seasoning
MP0446,avocado_oil,24,ml,fat
MP0447,ground_beef,750,g,protein
MP0447,tortilla,5,piece,carb
MP0447,broccoli,525,g,vegetable
MP0447,spinach,375,g,vegetable
MP0447,dijon_mustard,60,g,sauce
MP0447,garlic,20,g,seasoning
MP0447,parsley,20,g,herb
MP0447,olive_oil,30,ml,fat
MP0448,pork_tenderloin,600,g,protein
MP0448,couscous,300,g,carb
MP0448,tomato,420,g,vegetable
MP0448,spinach,300,g,vegetable
MP0448,tahini,96,g,sauce
MP0448,lemon,48,g,fruit
MP0448,garlic,16,g,seasoning
MP0448,parsley,16,g,herb
MP0448,olive_oil,24,ml,fat
MP0449,cod,900,g,protein
MP0449,pita,6,piece,carb
MP0449,eggplant,630,g,vegetable
MP0449,cucumber,450,g,vegetable
MP0449,lemon,72,g,fruit
MP0449,smoked_paprika,12,g,seasoning
MP0449,garlic,24,g,seasoning
MP0449,olive_oil,36,ml,fat
MP0450,scallops,600,g,protein
MP0450,potato,840,g,carb
MP0450,green_beans,420,g,vegetable
MP0450,spinach,300,g,vegetable
MP0450,dijon_mustard,48,g,sauce
MP0450,garlic,16,g,seasoning
MP0450,parsley,16,g,herb
MP0450,olive_oil,24,ml,fat
MP0451,egg,8,piece,protein
MP0451,white_rice,300,g,carb
MP0451,peas,420,g,vegetable
MP0451,onion,300,g,vegetable
MP0451,tomato_sauce,280,ml,sauce
MP0451,garam_masala,8,g,seasoning
MP0451,ginger,16,g,seasoning
MP0451,olive_oil,24,ml,fat
MP0452,ground_beef,750,g,protein
MP0452,white_rice,375,g,carb
MP0452,spinach,525,g,vegetable
MP0452,onion,375,g,vegetable
MP0452,salsa,350,g,sauce
MP0452,smoked_paprika,10,g,seasoning
MP0452,garlic,20,g,seasoning
MP0452,avocado_oil,30,ml,fat
MP0453,extra_firm_tofu,700,g,protein
MP0453,pasta,340,g,carb
MP0453,broccoli,420,g,vegetable
MP0453,bell_pepper,300,g,vegetable
MP0453,bbq_sauce,56,ml,sauce
MP0453,smoked_paprika,8,g,seasoning
MP0453,garlic,16,g,seasoning
MP0453,olive_oil,24,ml,fat
MP0454,canned_tuna,900,g,protein
MP0454,brown_rice,450,g,carb
MP0454,corn,630,g,vegetable
MP0454,zucchini,450,g,vegetable
MP0454,lime,72,g,fruit
MP0454,chili_powder,12,g,seasoning
MP0454,cumin,12,g,seasoning
MP0454,avocado_oil,36,ml,fat
MP0455,chicken_breast,600,g,protein
MP0455,soba_noodles,340,g,carb
MP0455,carrot,420,g,vegetable
MP0455,mushroom,300,g,vegetable
MP0455,miso,48,g,sauce
MP0455,rice_vinegar,56,ml,pantry
MP0455,ginger,16,g,seasoning
MP0455,garlic,16,g,seasoning
MP0455,sesame_oil,24,ml,fat
MP0456,seitan,600,g,protein
MP0456,potato,840,g,carb
MP0456,tomato,420,g,vegetable
MP0456,bell_pepper,300,g,vegetable
MP0456,coconut_milk,280,ml,sauce
MP0456,turmeric,8,g,seasoning
MP0456,ginger,16,g,seasoning
MP0456,olive_oil,24,ml,fat
MP0457,edamame,875,g,protein
MP0457,brown_rice,375,g,carb
MP0457,bell_pepper,525,g,vegetable
MP0457,cabbage,375,g,vegetable
MP0457,gochujang,60,g,sauce
MP0457,lime,60,g,fruit
MP0457,garlic,20,g,seasoning
MP0457,olive_oil,30,ml,fat
MP0458,salmon,600,g,protein
MP0458,rice_noodles,340,g,carb
MP0458,mushroom,420,g,vegetable
MP0458,carrot,300,g,vegetable
MP0458,honey,56,ml,pantry
MP0458,fish_sauce,56,ml,sauce
MP0458,chili_powder,8,g,seasoning
MP0458,basil,16,g,herb
MP0458,sesame_oil,24,ml,fat
MP0459,ground_pork,900,g,protein
MP0459,pasta,510,g,carb
MP0459,broccoli,630,g,vegetable
MP0459,bell_pepper,450,g,vegetable
MP0459,bbq_sauce,84,ml,sauce
MP0459,smoked_paprika,12,g,seasoning
MP0459,garlic,24,g,seasoning
MP0459,olive_oil,36,ml,fat
MP0460,cod,600,g,protein
MP0460,brown_rice,300,g,carb
MP0460,mushroom,420,g,vegetable
MP0460,green_beans,300,g,vegetable
MP0460,soy_sauce,56,ml,sauce
MP0460,honey,56,ml,pantry
MP0460,ginger,16,g,seasoning
MP0460,sesame_oil,24,ml,fat
MP0461,canned_tuna,600,g,protein
MP0461,whole_wheat_pasta,340,g,carb
MP0461,spinach,420,g,vegetable
MP0461,mushroom,300,g,vegetable
MP0461,pesto,96,g,sauce
MP0461,garlic,16,g,seasoning
MP0461,basil,16,g,herb
MP0461,olive_oil,24,ml,fat
MP0462,tempeh,875,g,protein
MP0462,rice_noodles,425,g,carb
MP0462,spinach,525,g,vegetable
MP0462,broccoli,375,g,vegetable
MP0462,doenjang,60,g,sauce
MP0462,garlic,20,g,seasoning
MP0462,green_onion,20,g,herb
MP0462,sesame_oil,30,ml,fat
MP0463,beef_sirloin,600,g,protein
MP0463,bulgur,300,g,carb
MP0463,bell_pepper,420,g,vegetable
MP0463,cherry_tomato,300,g,vegetable
MP0463,greek_yogurt,96,g,dairy
MP0463,lemon,48,g,fruit
MP0463,dill,16,g,herb
MP0463,garlic,16,g,seasoning
MP0463,olive_oil,24,ml,fat
MP0464,salmon,900,g,protein
MP0464,rice_noodles,510,g,carb
MP0464,spinach,630,g,vegetable
MP0464,broccoli,450,g,vegetable
MP0464,doenjang,72,g,sauce
MP0464,garlic,24,g,seasoning
MP0464,green_onion,24,g,herb
MP0464,sesame_oil,36,ml,fat
MP0465,cod,600,g,protein
MP0465,brown_rice,300,g,carb
MP0465,bell_pepper,420,g,vegetable
MP0465,mushroom,300,g,vegetable
MP0465,buffalo_sauce,56,ml,sauce
MP0465,garlic,16,g,seasoning
MP0465,smoked_paprika,8,g,seasoning
MP0465,olive_oil,24,ml,fat
MP0466,shrimp,600,g,protein
MP0466,potato,840,g,carb
MP0466,cherry_tomato,420,g,vegetable
MP0466,broccoli,300,g,vegetable
MP0466,balsamic_vinegar,56,ml,pantry
MP0466,garlic,16,g,seasoning
MP0466,italian_seasoning,8,g,seasoning
MP0466,olive_oil,24,ml,fat
MP0467,chicken_thigh,750,g,protein
MP0467,white_rice,375,g,carb
MP0467,bok_choy,525,g,vegetable
MP0467,cabbage,375,g,vegetable
MP0467,tamari,70,ml,sauce
MP0467,ginger,20,g,seasoning
MP0467,green_onion,20,g,herb
MP0467,sesame_oil,30,ml,fat
MP0468,firm_tofu,700,g,protein
MP0468,brown_rice,300,g,carb
MP0468,bell_pepper,420,g,vegetable
MP0468,corn,300,g,vegetable
MP0468,salsa,280,g,sauce
MP0468,chili_powder,8,g,seasoning
MP0468,cumin,8,g,seasoning
MP0468,avocado_oil,24,ml,fat
MP0469,pork_tenderloin,900,g,protein
MP0469,sweet_potato,1260,g,carb
MP0469,carrot,630,g,vegetable
MP0469,mushroom,450,g,vegetable
MP0469,soy_sauce,84,ml,sauce
MP0469,brown_sugar,72,g,pantry
MP0469,garlic,24,g,seasoning
MP0469,ginger,24,g,seasoning
MP0469,sesame_oil,36,ml,fat
MP0470,ground_turkey,600,g,protein
MP0470,brown_rice,300,g,carb
MP0470,green_beans,420,g,vegetable
MP0470,spinach,300,g,vegetable
MP0470,dijon_mustard,48,g,sauce
MP0470,garlic,16,g,seasoning
MP0470,parsley,16,g,herb
MP0470,olive_oil,24,ml,fat
MP0471,ground_beef,600,g,protein
MP0471,potato,840,g,carb
MP0471,cherry_tomato,420,g,vegetable
MP0471,broccoli,300,g,vegetable
MP0471,balsamic_vinegar,56,ml,pantry
MP0471,garlic,16,g,seasoning
MP0471,italian_seasoning,8,g,seasoning
MP0471,olive_oil,24,ml,fat
MP0472,canned_tuna,750,g,protein
MP0472,corn_tortilla,5,piece,carb
MP0472,mushroom,525,g,vegetable
MP0472,broccoli,375,g,vegetable
MP0472,balsamic_vinegar,70,ml,pantry
MP0472,garlic,20,g,seasoning
MP0472,italian_seasoning,10,g,seasoning
MP0472,olive_oil,30,ml,fat
MP0473,ground_pork,600,g,protein
MP0473,quinoa,300,g,carb
MP0473,spinach,420,g,vegetable
MP0473,carrot,300,g,vegetable
MP0473,dijon_mustard,48,g,sauce
MP0473,honey,56,ml,pantry
MP0473,garlic,16,g,seasoning
MP0473,olive_oil,24,ml,fat
MP0474,chicken_breast,900,g,protein
MP0474,white_rice,450,g,carb
MP0474,cabbage,630,g,vegetable
MP0474,broccoli,450,g,vegetable
MP0474,miso,72,g,sauce
MP0474,garlic,24,g,seasoning
MP0474,green_onion,24,g,herb
MP0474,sesame_oil,36,ml,fat
MP0475,halloumi,420,g,protein
MP0475,rice_noodles,340,g,carb
MP0475,broccoli,420,g,vegetable
MP0475,cabbage,300,g,vegetable
MP0475,gochujang,48,g,sauce
MP0475,rice_vinegar,56,ml,pantry
MP0475,garlic,16,g,seasoning
MP0475,chili_powder,8,g,seasoning
MP0475,sesame_oil,24,ml,fat
MP0476,extra_firm_tofu,700,g,protein
MP0476,tortilla,4,piece,carb
MP0476,broccoli,420,g,vegetable
MP0476,bell_pepper,300,g,vegetable
MP0476,bbq_sauce,56,ml,sauce
MP0476,smoked_paprika,8,g,seasoning
MP0476,garlic,16,g,seasoning
MP0476,olive_oil,24,ml,fat
MP0477,egg,10,piece,protein
MP0477,quinoa,375,g,carb
MP0477,bell_pepper,525,g,vegetable
MP0477,spinach,375,g,vegetable
MP0477,greek_yogurt,120,g,dairy
MP0477,curry_powder,10,g,seasoning
MP0477,garlic,20,g,seasoning
MP0477,olive_oil,30,ml,fat
MP0478,tempeh,700,g,protein
MP0478,sweet_potato,840,g,carb
MP0478,carrot,420,g,vegetable
MP0478,mushroom,300,g,vegetable
MP0478,soy_sauce,56,ml,sauce
MP0478,brown_sugar,48,g,pantry
MP0478,garlic,16,g,seasoning
MP0478,ginger,16,g,seasoning
MP0478,sesame_oil,24,ml,fat
MP0479,firm_tofu,1050,g,protein
MP0479,brown_rice,450,g,carb
MP0479,mushroom,630,g,vegetable
MP0479,zucchini,450,g,vegetable
MP0479,soy_sauce,84,ml,sauce
MP0479,garlic,24,g,seasoning
MP0479,green_onion,24,g,herb
MP0479,sesame_oil,36,ml,fat
MP0480,pork_tenderloin,600,g,protein
MP0480,rice_noodles,340,g,carb
MP0480,bok_choy,420,g,vegetable
MP0480,cabbage,300,g,vegetable
MP0480,tamari,56,ml,sauce
MP0480,ginger,16,g,seasoning
MP0480,green_onion,16,g,herb
MP0480,sesame_oil,24,ml,fat
MP0481,chicken_thigh,600,g,protein
MP0481,pita,4,piece,carb
MP0481,zucchini,420,g,vegetable
MP0481,bell_pepper,300,g,vegetable
MP0481,balsamic_vinegar,56,ml,pantry
MP0481,garlic,16,g,seasoning
MP0481,basil,16,g,herb
MP0481,olive_oil,24,ml,fat
MP0482,salmon,750,g,protein
MP0482,white_rice,375,g,carb
MP0482,onion,525,g,vegetable
MP0482,tomato,375,g,vegetable
MP0482,salsa,350,g,sauce
MP0482,lime,60,g,fruit
MP0482,garlic,20,g,seasoning
MP0482,cilantro,20,g,herb
MP0482,avocado_oil,30,ml,fat
MP0483,cod,600,g,protein
MP0483,brown_rice,300,g,carb
MP0483,mushroom,420,g,vegetable
MP0483,broccoli,300,g,vegetable
MP0483,balsamic_vinegar,56,ml,pantry
MP0483,garlic,16,g,seasoning
MP0483,italian_seasoning,8,g,seasoning
MP0483,olive_oil,24,ml,fat
MP0484,ground_pork,900,g,protein
MP0484,sweet_potato,1260,g,carb
MP0484,zucchini,630,g,vegetable
MP0484,carrot,450,g,vegetable
MP0484,tamari,84,ml,sauce
MP0484,ginger,24,g,seasoning
MP0484,green_onion,24,g,herb
MP0484,sesame_oil,36,ml,fat
MP0485,seitan,600,g,protein
MP0485,potato,840,g,carb
MP0485,zucchini,420,g,vegetable
MP0485,cherry_tomato,300,g,vegetable
MP0485,tomato_sauce,280,ml,sauce
MP0485,garlic,16,g,seasoning
MP0485,italian_seasoning,8,g,seasoning
MP0485,olive_oil,24,ml,fat
MP0486,extra_firm_tofu,700,g,protein
MP0486,brown_rice,300,g,carb
MP0486,cucumber,420,g,vegetable
MP0486,spinach,300,g,vegetable
MP0486,tahini,96,g,sauce
MP0486,lemon,48,g,fruit
MP0486,garlic,16,g,seasoning
MP0486,parsley,16,g,herb
MP0486,olive_oil,24,ml,fat
MP0487,scallops,750,g,protein
MP0487,white_rice,375,g,carb
MP0487,tomato,525,g,vegetable
MP0487,bell_pepper,375,g,vegetable
MP0487,coconut_milk,350,ml,sauce
MP0487,turmeric,10,g,seasoning
MP0487,ginger,20,g,seasoning
MP0487,olive_oil,30,ml,fat
MP0488,turkey_breast,600,g,protein
MP0488,corn_tortilla,4,piece,carb
MP0488,cucumber,420,g,vegetable
MP0488,spinach,300,g,vegetable
MP0488,tahini,96,g,sauce
MP0488,lemon,48,g,fruit
MP0488,garlic,16,g,seasoning
MP0488,parsley,16,g,herb
MP0488,olive_oil,24,ml,fat
MP0489,edamame,1050,g,protein
MP0489,potato,1260,g,carb
MP0489,carrot,630,g,vegetable
MP0489,green_beans,450,g,vegetable
MP0489,tomato_sauce,420,ml,sauce
MP0489,garlic,24,g,seasoning
MP0489,smoked_paprika,12,g,seasoning
MP0489,olive_oil,36,ml,fat
MP0490,egg,8,piece,protein
MP0490,soba_noodles,340,g,carb
MP0490,bok_choy,420,g,vegetable
MP0490,cabbage,300,g,vegetable
MP0490,tamari,56,ml,sauce
MP0490,ginger,16,g,seasoning
MP0490,green_onion,16,g,herb
MP0490,sesame_oil,24,ml,fat
MP0491,shrimp,600,g,protein
MP0491,pita,4,piece,carb
MP0491,carrot,420,g,vegetable
MP0491,tomato,300,g,vegetable
MP0491,lemon,48,g,fruit
MP0491,smoked_paprika,8,g,seasoning
MP0491,parsley,16,g,herb
MP0491,olive_oil,24,ml,fat
MP0492,brown_lentils,900,g,protein
MP0492,rice_noodles,425,g,carb
MP0492,bell_pepper,525,g,vegetable
MP0492,cabbage,375,g,vegetable
MP0492,gochujang,60,g,sauce
MP0492,lime,60,g,fruit
MP0492,garlic,20,g,seasoning
MP0492,olive_oil,30,ml,fat
MP0493,pork_tenderloin,600,g,protein
MP0493,whole_wheat_pasta,340,g,carb
MP0493,broccoli,420,g,vegetable
MP0493,bell_pepper,300,g,vegetable
MP0493,bbq_sauce,56,ml,sauce
MP0493,smoked_paprika,8,g,seasoning
MP0493,garlic,16,g,seasoning
MP0493,olive_oil,24,ml,fat
MP0494,egg,12,piece,protein
MP0494,rice_noodles,510,g,carb
MP0494,cabbage,630,g,vegetable
MP0494,mushroom,450,g,vegetable
MP0494,lime,72,g,fruit
MP0494,fish_sauce,84,ml,sauce
MP0494,ginger,24,g,seasoning
MP0494,garlic,24,g,seasoning
MP0494,sesame_oil,36,ml,fat
MP0495,beef_sirloin,600,g,protein
MP0495,potato,840,g,carb
MP0495,spinach,420,g,vegetable
MP0495,tomato,300,g,vegetable
MP0495,coconut_milk,280,ml,sauce
MP0495,curry_powder,8,g,seasoning
MP0495,turmeric,8,g,seasoning
MP0495,olive_oil,24,ml,fat
MP0496,egg,8,piece,protein
MP0496,potato,840,g,carb
MP0496,spinach,420,g,vegetable
MP0496,tomato,300,g,vegetable
MP0496,coconut_milk,280,ml,sauce
MP0496,curry_powder,8,g,seasoning
MP0496,turmeric,8,g,seasoning
MP0496,olive_oil,24,ml,fat
MP0497,canned_tuna,750,g,protein
MP0497,whole_wheat_pasta,425,g,carb
MP0497,green_beans,525,g,vegetable
MP0497,spinach,375,g,vegetable
MP0497,dijon_mustard,60,g,sauce
MP0497,garlic,20,g,seasoning
MP0497,parsley,20,g,herb
MP0497,olive_oil,30,ml,fat
MP0498,ground_turkey,600,g,protein
MP0498,white_rice,300,g,carb
MP0498,tomato,420,g,vegetable
MP0498,spinach,300,g,vegetable
MP0498,lime,48,g,fruit
MP0498,cilantro,16,g,herb
MP0498,garlic,16,g,seasoning
MP0498,avocado_oil,24,ml,fat
MP0499,kidney_beans,1080,g,protein
MP0499,udon_noodles,510,g,carb
MP0499,bok_choy,630,g,vegetable
MP0499,cabbage,450,g,vegetable
MP0499,tamari,84,ml,sauce
MP0499,ginger,24,g,seasoning
MP0499,green_onion,24,g,herb
MP0499,sesame_oil,36,ml,fat
MP0500,white_beans,720,g,protein
MP0500,udon_noodles,340,g,carb
MP0500,spinach,420,g,vegetable
MP0500,broccoli,300,g,vegetable
MP0500,doenjang,48,g,sauce
MP0500,garlic,16,g,seasoning
MP0500,green_onion,16,g,herb
MP0500,sesame_oil,24,ml,fat
